5.96602,0.02568,-0.72948,0.28915,-0.00091,0.15649,0.59797
9.88354,0.07118,-0.68437,0.29940,-0.07327,0.23976,0.73928
0.76157,2.88050,-0.58073,0.05996,0.00000,0.00000,0.99860
7.92865,2.87120,-0.66043,0.22502,-0.03496,0.15883,0.51899
10.37246,-0.91564,0.19571,0.13906,0.03750,0.22060,0.59631
2.19175,-0.92563,0.11572,0.06764,0.01119,0.04854,0.77428
15.83502,-3.12195,-0.65376,0.15475,0.05975,0.23604,0.00000
15.83502,-3.12195,-0.65376,0.15475,0.05975,0.23604,0.00000
12.05955,-2.51177,-0.48990,0.10580,0.00607,0.11301,0.76411
12.05955,-2.51177,-0.48990,0.10580,0.00607,0.11301,0.76411
4.67238,1.19016,-0.44109,0.10743,0.00675,0.06596,0.96224
12.30888,1.20076,-0.49378,0.38449,-0.07347,0.22375,0.39793
18.69947,-0.52712,0.79561,0.08955,0.01278,0.10626,0.91160
0.55287,-0.53418,0.66214,0.06068,0.02105,0.21917,0.93399
13.33609,-0.74636,0.36689,0.11345,0.01351,0.10960,0.95607
13.33609,-0.74636,0.36689,0.11345,0.01351,0.10960,0.95607
13.45952,-2.80501,0.61640,0.11062,0.01815,0.30271,0.81019
13.45952,-2.80501,0.61640,0.11062,0.01815,0.30271,0.81019
4.94417,-1.39742,-0.80370,0.26478,-0.09917,0.25759,0.52039
11.20763,-1.40483,-0.85369,0.10940,-0.00677,0.11913,0.69397
5.34362,-1.78070,-0.53687,0.06071,-0.00213,0.07847,0.83717
9.75561,-1.78732,-0.57948,0.22656,-0.02090,0.09008,0.19422
13.52114,-1.35477,0.80308,0.17063,0.03983,0.30735,0.39709
1.15748,-1.38641,0.72692,0.00000,0.00000,0.07050,0.99068
8.93918,-0.47760,-0.42283,0.09552,-0.02006,0.25633,0.98286
8.22265,-0.47592,-0.48192,0.10895,0.00333,0.08680,0.89442
10.62657,-0.85980,0.24187,0.22679,0.01177,0.10807,0.93103
10.62657,-0.85980,0.24187,0.22679,0.01177,0.10807,0.93103
0.88244,2.90935,-0.58509,0.00000,0.00000,0.05261,0.99946
11.46230,2.89775,-0.65290,0.27542,0.00126,0.06746,0.77914
11.64732,2.88184,-0.31998,0.10522,-0.03555,0.23651,0.00376
11.64732,2.88184,-0.31998,0.10522,-0.03555,0.23651,0.00376
7.17410,1.48705,-0.20795,0.07602,0.00279,0.12260,0.56945
7.17410,1.48705,-0.20795,0.07602,0.00279,0.12260,0.56945
12.04911,2.99014,0.44453,0.23300,-0.03863,0.21904,0.62457
12.04911,2.99014,0.44453,0.23300,-0.03863,0.21904,0.62457
11.53472,2.20495,-0.42440,0.25349,-0.05299,0.29555,0.71409
11.53472,2.20495,-0.42440,0.25349,-0.05299,0.29555,0.71409
11.57313,1.52729,-0.27140,0.25372,-0.03876,0.24566,0.00087
11.57313,1.52729,-0.27140,0.25372,-0.03876,0.24566,0.00087
7.30295,1.02937,-0.62088,0.28763,-0.01983,0.19306,0.38476
7.30295,1.02937,-0.62088,0.28763,-0.01983,0.19306,0.38476
6.63397,-1.33203,-0.53436,0.18000,-0.01881,0.16676,0.00000
7.27384,-1.33592,-0.49495,0.09727,0.00778,0.24442,0.89450
12.50980,0.51796,-0.52690,0.32929,-0.18948,0.45176,0.00000
12.50980,0.51796,-0.52690,0.32929,-0.18948,0.45176,0.00000
20.26968,-0.44625,0.77454,0.15640,0.01127,0.16335,0.74345
20.26968,-0.44625,0.77454,0.15640,0.01127,0.16335,0.74345
15.82745,1.82408,0.80101,0.10562,0.03913,0.30782,0.49892
15.82745,1.82408,0.80101,0.10562,0.03913,0.30782,0.49892
13.57562,1.81926,-0.06674,0.25341,-0.00407,0.11534,0.00004
13.57562,1.81926,-0.06674,0.25341,-0.00407,0.11534,0.00004
15.54559,0.17437,-0.47369,0.28644,-0.15845,0.29060,0.21027
15.54559,0.17437,-0.47369,0.28644,-0.15845,0.29060,0.21027
14.13999,2.87636,-0.61658,0.23444,-0.02139,0.41028,0.00002
14.13999,2.87636,-0.61658,0.23444,-0.02139,0.41028,0.00002
10.94687,0.24417,-0.46836,0.30062,0.01993,0.16193,0.99801
10.94687,0.24417,-0.46836,0.30062,0.01993,0.16193,0.99801
12.64091,-2.99313,0.68605,0.36266,-0.00713,0.28915,0.34458
12.64091,-2.99313,0.68605,0.36266,-0.00713,0.28915,0.34458
13.86527,-0.54565,-0.22076,0.16808,-0.03185,0.18167,0.08489
13.86527,-0.54565,-0.22076,0.16808,-0.03185,0.18167,0.08489
16.30977,1.83945,-0.63558,0.30807,0.04890,0.18866,0.72163
16.30977,1.83945,-0.63558,0.30807,0.04890,0.18866,0.72163
15.32337,-1.33136,0.46467,0.19770,0.00904,0.08937,0.93302
15.32337,-1.33136,0.46467,0.19770,0.00904,0.08937,0.93302
16.57232,2.82194,0.70479,0.28746,0.01855,0.16499,0.39111
16.57232,2.82194,0.70479,0.28746,0.01855,0.16499,0.39111
10.27577,0.18815,0.49268,0.10450,0.00743,0.17586,0.89181
1.61802,0.21101,0.42514,0.02795,0.01034,0.24120,0.63205
12.51430,0.39325,0.48951,0.29878,0.01401,0.11706,0.47516
12.51430,0.39325,0.48951,0.29878,0.01401,0.11706,0.47516
0.42714,2.59978,-0.63597,0.24290,-0.09538,0.13660,0.92988
12.23739,2.60062,-0.76045,0.29577,0.03955,0.18208,0.87958
7.77817,2.89997,0.64919,0.22595,0.00253,0.08154,0.98182
7.17313,2.89476,0.57877,0.19232,-0.03767,0.10532,0.98665
14.33057,-2.23313,0.02762,0.29573,-0.07069,0.46472,0.00000
14.33057,-2.23313,0.02762,0.29573,-0.07069,0.46472,0.00000
7.00282,-0.14459,-0.33307,0.19117,0.01116,0.08596,0.81058
5.46700,-0.13860,-0.29351,0.08001,-0.00674,0.08180,0.84240
11.25862,-2.44766,0.51288,0.25860,-0.00208,0.10928,0.09334
11.25862,-2.44766,0.51288,0.25860,-0.00208,0.10928,0.09334
7.57894,1.58150,0.71335,0.14260,-0.00457,0.23594,0.01355
8.75336,1.58489,0.68467,0.12097,0.00543,0.24940,0.57516
1.15311,-2.45909,-0.78055,0.21992,-0.01011,0.23580,0.02615
12.13801,-2.67977,-0.81184,0.24558,0.00881,0.09819,0.52491
13.09086,0.56240,0.64069,0.23154,0.02447,0.28397,0.65120
13.09086,0.56240,0.64069,0.23154,0.02447,0.28397,0.65120
14.02827,-2.44230,-0.54613,0.11572,-0.02683,0.40936,0.00000
14.02827,-2.44230,-0.54613,0.11572,-0.02683,0.40936,0.00000
11.59987,-1.37484,-0.56757,0.33125,0.01042,0.27243,0.27893
11.59987,-1.37484,-0.56757,0.33125,0.01042,0.27243,0.27893
11.61753,-2.17700,0.07552,0.17438,-0.06146,0.33909,0.00001
11.61753,-2.17700,0.07552,0.17438,-0.06146,0.33909,0.00001
11.59484,-2.25724,0.22111,0.33784,0.06025,0.20109,0.46382
11.59484,-2.25724,0.22111,0.33784,0.06025,0.20109,0.46382
5.94573,-1.74556,0.71485,0.24418,-0.00297,0.15077,0.95814
11.78444,-1.80560,0.71228,0.12316,-0.02731,0.28485,0.00240
11.04355,-1.59299,0.33559,0.29275,-0.23633,0.76761,0.00000
11.04355,-1.59299,0.33559,0.29275,-0.23633,0.76761,0.00000
9.54573,-1.03007,-0.19911,0.29799,-0.11730,0.30208,0.74188
9.54573,-1.03007,-0.19911,0.29799,-0.11730,0.30208,0.74188
14.66467,-0.74291,0.20457,0.16654,0.00080,0.27258,0.00002
14.66467,-0.74291,0.20457,0.16654,0.00080,0.27258,0.00002
0.67035,-2.94502,-0.56307,0.24900,-0.04446,0.08592,0.87381
14.82150,3.07139,-0.63968,0.29598,-0.04666,0.32579,0.15116
14.26788,-0.06369,-0.09710,0.13875,-0.04574,0.28943,0.47226
14.26788,-0.06369,-0.09710,0.13875,-0.04574,0.28943,0.47226
11.59748,1.59994,-0.44936,0.25564,-0.10656,0.29757,0.00000
11.59748,1.59994,-0.44936,0.25564,-0.10656,0.29757,0.00000
2.89438,1.86900,-0.03508,0.19113,0.10095,0.41520,0.00000
2.89438,1.86900,-0.03508,0.19113,0.10095,0.41520,0.00000
14.79024,-2.91904,0.23412,0.23360,0.01301,0.12802,0.61434
14.79024,-2.91904,0.23412,0.23360,0.01301,0.12802,0.61434
15.24831,0.36131,0.70638,0.17658,0.04349,0.16369,0.00000
15.24831,0.36131,0.70638,0.17658,0.04349,0.16369,0.00000
12.26240,-1.03665,0.06510,0.11505,0.00600,0.10362,0.70257
3.94349,-1.04304,0.13115,0.11490,-0.00980,0.05868,0.82338
10.44450,1.81167,-0.29537,0.21169,-0.05943,0.16746,0.18920
10.44450,1.81167,-0.29537,0.21169,-0.05943,0.16746,0.18920
13.24511,-2.11925,0.69329,0.10226,-0.03048,0.14100,0.93056
4.57316,-2.13775,0.64529,0.28135,0.03345,0.14975,0.09356
11.96103,2.91683,-0.13455,0.19978,0.02833,0.12459,0.00654
11.96103,2.91683,-0.13455,0.19978,0.02833,0.12459,0.00654
6.19622,-1.75627,-0.31938,0.08795,-0.02070,0.17787,0.56053
7.66707,-1.79635,-0.33465,0.13171,-0.01517,0.10864,0.65301
2.28797,-2.45111,-0.63306,0.22829,-0.01441,0.06525,0.58246
14.78506,-2.54120,-0.65666,0.16193,0.00980,0.13108,0.17513
15.20676,-1.09225,0.68327,0.07697,0.01016,0.18917,0.99036
0.95309,-1.11375,0.63147,0.05315,0.00144,0.03786,0.97710
13.50383,-0.28163,0.41867,0.13155,-0.05252,0.27250,0.38954
1.72935,-0.27668,0.35881,0.18063,0.04566,0.07876,0.36060
8.40807,0.40879,0.17366,0.10075,0.01092,0.27187,0.90829
3.06814,0.40236,0.23744,0.15750,-0.01352,0.12272,0.00001
16.78033,2.76761,0.68017,0.19123,0.02449,0.12788,0.22384
16.78033,2.76761,0.68017,0.19123,0.02449,0.12788,0.22384
18.96338,0.23145,-0.58880,0.16395,-0.00426,0.18689,0.05904
18.96338,0.23145,-0.58880,0.16395,-0.00426,0.18689,0.05904
5.86381,-2.02733,-0.31847,0.11992,-0.01453,0.11276,0.79608
8.01018,-2.03451,-0.35180,0.26700,-0.08035,0.26727,0.52914
10.72605,0.91199,0.30157,0.26038,-0.10810,0.30121,0.03099
10.72605,0.91199,0.30157,0.26038,-0.10810,0.30121,0.03099
8.87678,2.41951,-0.31740,0.20121,0.11011,0.40663,0.00000
8.87678,2.41951,-0.31740,0.20121,0.11011,0.40663,0.00000
12.29116,-1.69848,-0.19948,0.22110,-0.08381,0.36655,0.10396
12.29116,-1.69848,-0.19948,0.22110,-0.08381,0.36655,0.10396
11.79498,2.47452,0.16764,0.19731,-0.00841,0.61699,0.00000
11.79498,2.47452,0.16764,0.19731,-0.00841,0.61699,0.00000
6.55783,-0.28197,-0.72947,0.04199,-0.00670,0.16947,0.69694
6.55783,-0.28197,-0.72947,0.04199,-0.00670,0.16947,0.69694
12.83581,3.04125,-0.58438,0.29788,-0.02646,0.10716,0.43143
12.83581,3.04125,-0.58438,0.29788,-0.02646,0.10716,0.43143
16.06322,2.92117,0.82107,0.32243,0.12347,0.48222,0.00000
16.06322,2.92117,0.82107,0.32243,0.12347,0.48222,0.00000
11.09854,-0.64300,-0.15606,0.10530,0.00352,0.10558,0.93133
11.09854,-0.64300,-0.15606,0.10530,0.00352,0.10558,0.93133
13.06742,-2.18804,0.14744,0.19506,0.10742,0.42391,0.00000
13.06742,-2.18804,0.14744,0.19506,0.10742,0.42391,0.00000
17.74282,-1.22028,0.80325,0.18475,0.07777,0.40830,0.00000
17.74282,-1.22028,0.80325,0.18475,0.07777,0.40830,0.00000
14.33245,2.69255,-0.59147,0.11590,-0.01783,0.31842,0.13883
14.33245,2.69255,-0.59147,0.11590,-0.01783,0.31842,0.13883
3.64567,1.09734,-0.45266,0.06319,0.00419,0.15042,0.70535
10.17899,1.10880,-0.52020,0.23207,-0.06726,0.26838,0.38756
7.89758,0.28342,-0.06074,0.07619,0.00756,0.08396,0.90076
3.90182,0.28910,-0.11403,0.11120,-0.03917,0.11659,0.86314
7.90123,-1.42158,0.16542,0.27744,-0.03339,0.15189,0.40165
3.06949,-1.43120,0.11609,0.05592,0.00945,0.05240,0.82732
11.51789,1.05308,0.46739,0.29429,0.03970,0.11531,0.58744
11.51789,1.05308,0.46739,0.29429,0.03970,0.11531,0.58744
10.48522,-2.35902,0.07640,0.23610,0.10191,0.46767,0.00000
10.48522,-2.35902,0.07640,0.23610,0.10191,0.46767,0.00000
13.36978,-1.41390,0.56201,0.10187,-0.01592,0.11858,0.70356
2.47955,-1.42909,0.46775,0.06471,0.03975,0.11466,0.53408
0.77844,2.25021,-0.63443,0.05165,-0.04897,0.09295,0.23474
12.08355,2.26766,-0.70725,0.12906,0.01829,0.23803,0.60812
15.60931,1.14093,0.68938,0.12428,-0.02736,0.30156,0.00109
15.60931,1.14093,0.68938,0.12428,-0.02736,0.30156,0.00109
18.59775,0.71359,0.79427,0.35824,0.03049,0.08804,0.02866
18.59775,0.71359,0.79427,0.35824,0.03049,0.08804,0.02866
4.38544,-3.12902,0.04431,0.11182,0.00805,0.13795,0.02665
7.27625,-3.13690,0.08141,0.19098,-0.00156,0.14820,0.09144
14.77377,2.02267,-0.75167,0.07846,-0.00098,0.14051,0.86278
14.77377,2.02267,-0.75167,0.07846,-0.00098,0.14051,0.86278
2.42542,1.84050,-0.38957,0.27386,-0.02069,0.06092,0.54548
9.95697,1.85998,-0.43273,0.14101,0.00613,0.09069,0.97134
17.26129,2.27236,0.84664,0.13232,-0.03160,0.31631,0.05042
17.26129,2.27236,0.84664,0.13232,-0.03160,0.31631,0.05042
13.74869,-0.71754,0.39345,0.18747,0.04061,0.14787,0.40523
13.74869,-0.71754,0.39345,0.18747,0.04061,0.14787,0.40523
13.59063,-2.01108,-0.68930,0.28920,-0.13771,0.27919,0.02306
13.59063,-2.01108,-0.68930,0.28920,-0.13771,0.27919,0.02306
9.35572,-2.04721,0.46403,0.14730,-0.02051,0.15110,0.06993
3.04448,-2.06354,0.39853,0.22368,0.11565,0.28248,0.89210
13.16477,0.61246,-0.66114,0.28957,0.03919,0.22409,0.93125
13.16477,0.61246,-0.66114,0.28957,0.03919,0.22409,0.93125
15.96810,0.14309,0.39138,0.16583,0.00634,0.11458,0.89954
15.96810,0.14309,0.39138,0.16583,0.00634,0.11458,0.89954
15.03070,1.88235,0.65585,0.18956,0.01666,0.12025,0.29858
15.03070,1.88235,0.65585,0.18956,0.01666,0.12025,0.29858
13.43223,-1.27085,0.54610,0.18715,0.20823,0.65500,0.00000
13.43223,-1.27085,0.54610,0.18715,0.20823,0.65500,0.00000
11.83280,0.53992,0.22715,0.29462,-0.13859,0.28197,0.11365
11.83280,0.53992,0.22715,0.29462,-0.13859,0.28197,0.11365
2.55915,-2.48605,-0.66527,0.14488,-0.09399,0.30945,0.01221
14.63006,-2.50743,-0.73059,0.31232,-0.03494,0.22981,0.54780
4.81356,0.84139,0.84636,0.17105,-0.00136,0.26015,0.02148
7.16113,0.80583,0.83990,0.21561,-0.02072,0.34044,0.00000
14.58502,-0.66130,0.40550,0.29318,0.03775,0.15409,0.44916
14.58502,-0.66130,0.40550,0.29318,0.03775,0.15409,0.44916
17.69732,-1.16012,0.71723,0.22674,0.06107,0.14138,0.00000
17.69732,-1.16012,0.71723,0.22674,0.06107,0.14138,0.00000
12.88963,0.38213,0.57877,0.12819,-0.02437,0.11333,0.39427
2.02413,0.41719,0.49804,0.24407,0.12498,0.22942,0.68906
13.68996,0.35401,0.21055,0.13223,0.01244,0.06229,0.49666
13.68996,0.35401,0.21055,0.13223,0.01244,0.06229,0.49666
10.29553,-2.74260,0.51065,0.20479,-0.00541,0.10575,0.00186
6.73027,-2.75203,0.46628,0.18565,-0.02845,0.10183,0.53090
10.17695,2.65271,0.77844,0.25767,-0.01873,0.43675,0.00038
10.17695,2.65271,0.77844,0.25767,-0.01873,0.43675,0.00038
6.42518,1.01851,-0.28968,0.11865,-0.02636,0.05240,0.02239
5.52272,1.03483,-0.37701,0.12864,-0.02671,0.24176,0.66365
13.36656,-2.40521,-0.59663,0.31060,0.17350,0.47083,0.00000
13.36656,-2.40521,-0.59663,0.31060,0.17350,0.47083,0.00000
1.95833,2.61156,-0.14355,0.22495,-0.02711,0.13304,0.00986
9.22770,2.60662,-0.21141,0.12609,0.00956,0.08783,0.84581
3.44621,0.49352,-0.73602,0.24759,-0.00308,0.19581,0.94529
10.41000,0.50453,-0.79598,0.06436,-0.01886,0.09386,0.53641
7.35831,1.68030,0.47090,0.13554,-0.03288,0.28181,0.05355
6.34112,1.72030,0.43801,0.24374,0.00099,0.07895,0.71626
18.90546,0.93322,0.83058,0.28698,-0.15035,0.35390,0.00000
18.90546,0.93322,0.83058,0.28698,-0.15035,0.35390,0.00000
16.14008,-1.83414,-0.72948,0.17161,-0.01692,0.21208,0.29723
16.14008,-1.83414,-0.72948,0.17161,-0.01692,0.21208,0.29723
10.78270,0.68467,0.10371,0.21594,-0.14321,0.53729,0.00000
10.78270,0.68467,0.10371,0.21594,-0.14321,0.53729,0.00000
18.07998,1.94605,0.77955,0.18212,-0.03709,0.36576,0.00008
18.07998,1.94605,0.77955,0.18212,-0.03709,0.36576,0.00008
19.14375,0.86961,0.78397,0.19571,-0.05880,0.38326,0.00000
19.14375,0.86961,0.78397,0.19571,-0.05880,0.38326,0.00000
14.65593,-1.10513,-0.16930,0.27297,-0.01259,0.21654,0.66499
14.65593,-1.10513,-0.16930,0.27297,-0.01259,0.21654,0.66499
3.31548,2.76367,0.40454,0.07373,-0.00206,0.14207,0.65833
6.63049,2.80933,0.37787,0.08058,-0.00611,0.19649,0.92688
5.31456,-1.31387,-0.65753,0.06215,-0.00070,0.08162,0.85029
8.10201,-1.31941,-0.70318,0.12926,0.05406,0.22585,0.00363
11.27786,-0.97019,-0.17634,0.12981,0.00188,0.21888,0.29351
11.27786,-0.97019,-0.17634,0.12981,0.00188,0.21888,0.29351
11.52887,0.41557,-0.32166,0.28394,0.06164,0.18992,0.62219
11.52887,0.41557,-0.32166,0.28394,0.06164,0.18992,0.62219
15.70465,-0.67588,0.54676,0.11866,0.00533,0.43205,0.00000
15.70465,-0.67588,0.54676,0.11866,0.00533,0.43205,0.00000
15.31078,-0.90294,0.37421,0.15636,0.03193,0.27000,0.39903
15.31078,-0.90294,0.37421,0.15636,0.03193,0.27000,0.39903
10.84505,2.31052,-0.12390,0.30368,-0.09759,0.30879,0.24958
10.84505,2.31052,-0.12390,0.30368,-0.09759,0.30879,0.24958
1.81434,-2.70561,-0.44552,0.11580,-0.05713,0.18189,0.61168
10.55379,-2.71647,-0.51690,0.11100,0.00387,0.15341,0.72023
11.25453,-1.02686,0.63287,0.23417,0.00790,0.10075,0.84205
11.25453,-1.02686,0.63287,0.23417,0.00790,0.10075,0.84205
12.97809,2.67707,-0.04617,0.30814,0.04552,0.28573,0.00000
12.97809,2.67707,-0.04617,0.30814,0.04552,0.28573,0.00000
7.45024,-2.14319,0.51255,0.10682,0.00459,0.09015,0.55055
2.49589,-2.16027,0.55532,0.25587,-0.01257,0.05529,0.93573
11.85549,-2.07480,-0.27511,0.15823,-0.02670,0.44404,0.00000
11.85549,-2.07480,-0.27511,0.15823,-0.02670,0.44404,0.00000
9.30406,0.87681,-0.09228,0.10933,-0.02355,0.19631,0.00000
9.30406,0.87681,-0.09228,0.10933,-0.02355,0.19631,0.00000
10.69096,-3.03517,-0.05081,0.14242,-0.02793,0.46813,0.00000
10.69096,-3.03517,-0.05081,0.14242,-0.02793,0.46813,0.00000
7.95775,-1.64091,-0.16674,0.26226,-0.02971,0.09804,0.23096
6.39057,-1.64783,-0.24953,0.19324,-0.06554,0.30074,0.73450
20.15393,1.64397,0.84762,0.26092,0.09712,0.31481,0.54463
20.15393,1.64397,0.84762,0.26092,0.09712,0.31481,0.54463
12.94330,0.34655,-0.51879,0.28641,-0.00495,0.23796,0.83722
12.94330,0.34655,-0.51879,0.28641,-0.00495,0.23796,0.83722
7.84878,-0.57032,-0.52714,0.13075,0.01057,0.08218,0.36423
6.38915,-0.56916,-0.48831,0.14838,-0.00879,0.09758,0.98537
11.89336,2.51090,-0.52102,0.16384,0.01701,0.58069,0.00000
11.89336,2.51090,-0.52102,0.16384,0.01701,0.58069,0.00000
12.32652,1.25073,0.49885,0.29027,0.24934,0.70237,0.00000
12.32652,1.25073,0.49885,0.29027,0.24934,0.70237,0.00000
2.78490,2.69934,0.07286,0.25738,0.04677,0.22329,0.23019
5.68997,2.79417,0.02069,0.21787,0.00919,0.08194,0.50812
15.08030,-2.08642,0.35247,0.25719,0.18649,0.39323,0.00000
15.08030,-2.08642,0.35247,0.25719,0.18649,0.39323,0.00000
17.69843,-2.33369,-0.51930,0.28109,-0.14977,0.22913,0.28392
17.69843,-2.33369,-0.51930,0.28109,-0.14977,0.22913,0.28392
7.53258,-2.00787,0.58386,0.16327,-0.02569,0.07578,0.66181
3.07761,-2.02402,0.49378,0.09116,0.02088,0.19854,0.52415
7.17153,-2.78119,0.28267,0.08251,-0.00195,0.12512,0.95716
7.13865,-2.78849,0.34175,0.12175,0.01057,0.11220,0.78902
16.44621,-0.42444,-0.75756,0.11951,-0.00600,0.30453,0.26345
16.44621,-0.42444,-0.75756,0.11951,-0.00600,0.30453,0.26345
5.67252,-3.03013,0.39462,0.05477,0.00645,0.12441,0.71826
3.99208,-3.03618,0.43514,0.12489,-0.03193,0.12475,0.05981
12.20060,-2.24721,-0.19995,0.11164,0.01477,0.31351,0.41244
12.20060,-2.24721,-0.19995,0.11164,0.01477,0.31351,0.41244
16.77678,2.98017,-0.52923,0.11038,0.01297,0.14009,0.00397
16.77678,2.98017,-0.52923,0.11038,0.01297,0.14009,0.00397
10.50481,3.07058,0.16635,0.30132,0.00723,0.18665,0.02577
10.50481,3.07058,0.16635,0.30132,0.00723,0.18665,0.02577
8.25752,2.03328,-0.67309,0.23324,-0.01125,0.10730,0.67771
9.65823,2.08742,-0.66914,0.32322,-0.00476,0.15826,0.26415
19.77338,2.03754,0.73553,0.26672,-0.04207,0.50695,0.00000
19.77338,2.03754,0.73553,0.26672,-0.04207,0.50695,0.00000
15.29216,-0.83500,0.85491,0.26879,-0.00389,0.10683,0.88147
0.39284,-0.87023,0.79936,0.02831,-0.00049,0.17694,1.00000
13.28412,-3.12675,-0.28176,0.12150,0.01998,0.23836,0.00000
13.28412,-3.12675,-0.28176,0.12150,0.01998,0.23836,0.00000
15.03159,-3.12196,0.04479,0.21602,0.02321,0.12394,0.29048
15.03159,-3.12196,0.04479,0.21602,0.02321,0.12394,0.29048
2.75876,1.43484,-0.41600,0.00550,-0.00525,0.04931,0.36124
9.91832,1.45718,-0.47173,0.10340,-0.01082,0.27458,0.23236
12.55528,0.91075,-0.57371,0.30030,-0.19935,0.42126,0.00000
12.55528,0.91075,-0.57371,0.30030,-0.19935,0.42126,0.00000
15.08060,-2.11932,0.75404,0.26618,-0.04751,0.22926,0.00000
15.08060,-2.11932,0.75404,0.26618,-0.04751,0.22926,0.00000
5.25240,-0.69014,-0.20845,0.20238,0.00259,0.07656,0.99610
5.25240,-0.69014,-0.20845,0.20238,0.00259,0.07656,0.99610
12.71655,-0.37421,-0.22446,0.12889,-0.04303,0.46783,0.00000
12.71655,-0.37421,-0.22446,0.12889,-0.04303,0.46783,0.00000
13.03734,-0.96036,0.42887,0.21360,0.03215,0.19677,0.57271
13.03734,-0.96036,0.42887,0.21360,0.03215,0.19677,0.57271
10.66218,2.89116,-0.19194,0.13266,0.02271,0.53884,0.00000
10.66218,2.89116,-0.19194,0.13266,0.02271,0.53884,0.00000
12.97440,2.14311,-0.16388,0.14092,0.00398,0.10014,0.15324
12.97440,2.14311,-0.16388,0.14092,0.00398,0.10014,0.15324
15.35922,0.60310,0.68509,0.15026,0.09518,0.45695,0.00000
15.35922,0.60310,0.68509,0.15026,0.09518,0.45695,0.00000
11.28057,1.96646,-0.51829,0.29412,0.13170,0.22584,0.04192
11.28057,1.96646,-0.51829,0.29412,0.13170,0.22584,0.04192
15.24169,1.00407,-0.56892,0.25659,-0.10746,0.27742,0.53102
15.24169,1.00407,-0.56892,0.25659,-0.10746,0.27742,0.53102
9.06275,1.74391,0.68280,0.31750,0.01189,0.21187,0.24337
5.38968,1.76183,0.62218,0.14809,-0.01708,0.15552,0.37059
10.54762,-2.25315,-0.02884,0.19187,-0.02356,0.32343,0.04475
10.54762,-2.25315,-0.02884,0.19187,-0.02356,0.32343,0.04475
17.82154,-2.86404,-0.74359,0.16453,0.01443,0.15537,0.00000
17.82154,-2.86404,-0.74359,0.16453,0.01443,0.15537,0.00000
3.14970,1.64404,-0.31215,0.35332,-0.00334,0.09255,0.01192
8.94954,1.66991,-0.39489,0.28169,-0.02333,0.22479,0.15715
11.17460,-1.91374,-0.30321,0.29874,0.17784,0.58390,0.00000
11.17460,-1.91374,-0.30321,0.29874,0.17784,0.58390,0.00000
5.67874,-1.07082,-0.32352,0.10324,-0.01357,0.24515,0.96073
6.33559,-1.10673,-0.35682,0.31786,-0.05754,0.18284,0.00554
11.54290,-2.77812,0.02806,0.17099,-0.06632,0.34270,0.00411
11.54290,-2.77812,0.02806,0.17099,-0.06632,0.34270,0.00411
8.25759,2.46289,0.78201,0.14987,0.00595,0.23320,0.46942
6.22542,2.46516,0.72310,0.06636,0.00201,0.08572,0.83562
10.03079,-1.27317,0.00261,0.23184,0.12576,0.26845,0.00346
10.03079,-1.27317,0.00261,0.23184,0.12576,0.26845,0.00346
14.53087,2.03502,0.14087,0.30259,-0.04908,0.67280,0.00000
14.53087,2.03502,0.14087,0.30259,-0.04908,0.67280,0.00000
5.22777,0.79573,-0.20136,0.12627,0.01854,0.26646,0.03601
7.19327,0.79650,-0.15540,0.10921,-0.00400,0.16684,0.00350
13.59970,-2.28344,-0.69297,0.32302,0.08847,0.26562,0.00000
13.59970,-2.28344,-0.69297,0.32302,0.08847,0.26562,0.00000
9.56581,0.26306,-0.65993,0.13929,-0.02984,0.21818,0.51395
9.56581,0.26306,-0.65993,0.13929,-0.02984,0.21818,0.51395
0.40451,2.82789,-0.76962,0.10096,0.01669,0.01848,1.00000
18.35299,2.81530,-0.82853,0.18555,-0.00281,0.22763,0.46576
12.59219,-2.16145,-0.22937,0.31050,-0.05162,0.21488,0.01016
12.59219,-2.16145,-0.22937,0.31050,-0.05162,0.21488,0.01016
13.04969,1.92361,-0.02505,0.23709,-0.01260,0.22822,0.00000
13.04969,1.92361,-0.02505,0.23709,-0.01260,0.22822,0.00000
3.40180,-2.87327,0.37011,0.24931,0.00994,0.14679,0.93570
5.61222,-2.93124,0.27428,0.06560,0.01401,0.27245,0.92615
14.14205,-3.13045,0.66855,0.10527,-0.00455,0.15889,0.14105
14.14205,-3.13045,0.66855,0.10527,-0.00455,0.15889,0.14105
16.44992,-1.96539,0.80842,0.28743,0.08275,0.30093,0.00000
16.44992,-1.96539,0.80842,0.28743,0.08275,0.30093,0.00000
11.57758,1.17448,0.32095,0.20038,0.13285,0.59939,0.00000
11.57758,1.17448,0.32095,0.20038,0.13285,0.59939,0.00000
10.83568,0.84931,0.11557,0.17853,0.06095,0.16384,0.00000
10.83568,0.84931,0.11557,0.17853,0.06095,0.16384,0.00000
15.30517,-2.21130,-0.30806,0.22026,-0.01620,0.16170,0.00849
15.30517,-2.21130,-0.30806,0.22026,-0.01620,0.16170,0.00849
12.18849,-2.40327,0.22451,0.31178,-0.17070,0.35052,0.06390
12.18849,-2.40327,0.22451,0.31178,-0.17070,0.35052,0.06390
16.30767,2.39711,-0.68521,0.13203,-0.01307,0.27152,0.94530
16.30767,2.39711,-0.68521,0.13203,-0.01307,0.27152,0.94530
16.16064,3.01771,0.63768,0.29700,0.07845,0.24897,0.52411
16.16064,3.01771,0.63768,0.29700,0.07845,0.24897,0.52411
8.29361,-1.80726,0.45992,0.08894,0.01486,0.06901,0.97644
3.28005,-1.82658,0.37508,0.07534,-0.00734,0.28392,0.58979
12.59491,0.39345,0.72879,0.44599,0.15189,0.21814,0.00000
12.59491,0.39345,0.72879,0.44599,0.15189,0.21814,0.00000
2.40756,1.37485,-0.80497,0.28920,0.03987,0.21518,0.66670
17.79926,1.39499,-0.88106,0.20808,0.00096,0.12058,0.07799
14.25876,1.93584,0.37647,0.20022,0.04526,0.27340,0.42311
14.25876,1.93584,0.37647,0.20022,0.04526,0.27340,0.42311
12.96181,-0.24296,0.53424,0.30066,0.01433,0.10950,0.20425
0.67435,-0.39964,0.53859,0.06188,-0.00562,0.07762,0.99773
13.35612,0.19578,-0.07589,0.31247,-0.15567,0.54062,0.00000
13.35612,0.19578,-0.07589,0.31247,-0.15567,0.54062,0.00000
10.74180,-2.77716,0.86268,0.17039,0.02404,0.12566,0.91792
5.63276,-2.80630,0.78368,0.11268,-0.00128,0.18953,0.04780
12.31978,1.89556,0.46502,0.21012,-0.00023,0.09174,0.91506
12.31978,1.89556,0.46502,0.21012,-0.00023,0.09174,0.91506
