0.000,0.000,0.000,0.000,0.000,0.036,0.240,0.729,0.038,0.000,0.000,1.664,3.090,0.141,0.093,0.000,0.000,0.061,0.829,1.498,0.000,0.000,0.000,4.989,2.234,
1.664,3.090,0.141,0.093,0.046,0.000,0.061,0.829,1.498,0.000,0.000,0.000,4.989,2.234,0.046,0.000,0.000,0.066,0.000,0.000,0.000,0.000,0.000,0.000,0.000,
0.000,0.000,0.000,0.000,0.000,0.000,0.000,0.000,0.042,0.000,0.000,0.049,0.713,0.000,0.000,0.000,0.000,0.000,0.038,0.000,0.000,0.000,0.000,0.000,0.000,
0.000,0.000,0.000,0.000,0.055,0.668,0.167,0.727,0.767,0.000,3.248,0.135,4.905,1.418,0.000,0.000,0.000,0.000,0.000,0.000,0.000,0.000,0.000,0.000,0.042,
0.000,0.000,0.066,0.036,0.000,0.000,0.122,0.000,0.054,0.000,0.000,0.060,7.146,0.640,0.000,0.000,0.090,1.684,0.502,0.000,0.000,0.000,0.000,0.071,0.000,
0.000,0.000,0.000,0.036,0.000,0.000,0.000,0.000,0.000,0.000,0.000,0.119,1.976,0.000,0.000,0.000,0.000,0.066,0.036,0.000,0.000,0.122,0.000,0.054,0.000,
0.000,0.000,0.000,0.000,0.000,0.000,0.087,1.431,0.452,0.000,0.000,0.114,11.354,0.752,0.042,0.000,0.000,0.393,1.153,0.000,0.000,0.000,0.000,0.057,0.000,
0.000,0.000,0.000,0.000,0.000,0.000,0.087,1.431,0.452,0.000,0.000,0.114,11.354,0.752,0.042,0.000,0.000,0.393,1.153,0.000,0.000,0.000,0.000,0.057,0.000,
0.000,0.000,0.300,2.349,0.000,0.000,0.091,0.910,0.806,0.049,0.000,0.143,9.821,0.714,0.047,0.000,0.000,0.188,0.072,0.000,0.000,0.000,0.000,0.000,0.000,
0.000,0.000,0.300,2.349,0.000,0.000,0.091,0.910,0.806,0.049,0.000,0.143,9.821,0.714,0.047,0.000,0.000,0.188,0.072,0.000,0.000,0.000,0.000,0.000,0.000,
0.045,0.055,6.941,1.966,0.117,0.045,0.000,0.328,0.119,0.000,0.000,0.162,4.026,0.192,0.000,0.000,0.000,0.000,0.000,0.000,0.000,0.000,0.000,0.000,0.000,
0.000,0.036,0.038,0.000,0.000,0.062,0.045,0.740,1.902,0.074,0.045,0.055,6.941,1.966,0.117,0.045,0.000,0.328,0.119,0.000,0.000,0.162,4.026,0.192,0.000,
0.000,0.000,0.000,0.000,0.000,0.038,0.000,0.280,0.000,0.000,0.000,0.400,16.187,0.560,0.000,0.000,0.134,0.660,0.256,0.052,0.000,0.052,0.046,0.071,0.000,
0.000,0.000,0.000,0.000,0.000,0.000,0.000,0.000,0.000,0.000,0.000,0.036,0.338,0.000,0.000,0.000,0.000,0.179,0.000,0.000,0.000,0.000,0.000,0.000,0.000,
0.000,0.055,0.000,0.000,0.000,0.000,0.060,0.105,0.043,0.000,0.000,0.209,11.266,0.534,0.068,0.000,0.156,0.730,0.239,0.000,0.000,0.043,1.275,0.058,0.000,
0.000,0.055,0.000,0.000,0.000,0.000,0.060,0.105,0.043,0.000,0.000,0.209,11.266,0.534,0.068,0.000,0.156,0.730,0.239,0.000,0.000,0.043,1.275,0.058,0.000,
0.000,0.000,0.000,0.000,0.000,0.000,0.066,0.097,0.044,0.000,0.000,0.227,6.115,0.392,0.000,0.000,0.121,5.816,0.375,0.055,0.000,0.000,0.082,0.068,0.000,
0.000,0.000,0.000,0.000,0.000,0.000,0.066,0.097,0.044,0.000,0.000,0.227,6.115,0.392,0.000,0.000,0.121,5.816,0.375,0.055,0.000,0.000,0.082,0.068,0.000,
0.086,9.053,0.699,0.000,0.044,0.040,0.982,0.199,0.000,0.000,0.000,0.712,2.325,0.038,0.000,0.000,1.212,0.567,0.038,0.000,0.000,0.000,0.000,0.000,0.000,
0.000,0.000,0.000,0.000,0.000,0.000,0.036,0.067,0.052,0.056,0.000,0.086,9.053,0.699,0.000,0.000,0.040,0.982,0.199,0.000,0.000,0.000,0.712,2.325,0.038,
0.085,1.612,7.064,0.159,0.000,0.000,0.185,0.588,0.000,0.000,0.000,0.068,4.781,0.117,0.000,0.000,0.074,0.000,0.000,0.000,0.000,0.000,0.000,0.043,0.000,
0.000,0.000,0.000,0.000,0.000,0.000,0.042,0.226,0.061,0.040,0.085,1.612,7.064,0.159,0.000,0.000,0.185,0.588,0.000,0.000,0.000,0.068,4.781,0.117,0.000,
0.000,0.000,0.053,0.000,0.000,0.000,0.094,5.179,0.411,0.080,0.000,0.099,5.890,1.363,0.036,0.000,0.000,0.148,0.132,0.000,0.000,0.000,0.000,0.038,0.000,
0.000,0.038,0.000,0.000,0.000,0.000,0.000,0.000,0.000,0.000,0.000,0.000,1.069,0.000,0.000,0.000,0.000,0.088,0.000,0.000,0.000,0.000,0.000,0.053,0.000,
0.000,0.058,0.296,0.058,0.058,0.000,0.188,2.724,0.277,0.000,0.000,0.111,5.396,0.149,0.000,0.000,0.066,0.000,0.000,0.000,0.000,0.000,0.000,0.000,0.000,
0.000,0.000,0.000,0.000,0.000,0.000,0.060,0.036,0.117,0.000,0.000,0.179,7.126,0.267,0.000,0.000,0.058,0.296,0.058,0.058,0.000,0.188,2.724,0.277,0.000,
0.000,0.000,0.000,0.000,0.000,0.000,0.043,0.122,0.099,0.000,0.000,0.099,7.241,2.100,0.058,0.000,0.064,0.553,0.411,0.000,0.000,0.000,1.041,0.109,0.000,
0.000,0.000,0.000,0.000,0.000,0.000,0.043,0.122,0.099,0.000,0.000,0.099,7.241,2.100,0.058,0.000,0.064,0.553,0.411,0.000,0.000,0.000,1.041,0.109,0.000,
0.000,0.068,0.231,0.000,0.000,0.000,0.000,0.057,0.000,0.000,0.000,0.000,0.834,0.000,0.000,0.000,0.000,0.000,0.000,0.000,0.000,0.000,0.000,0.000,0.000,
0.000,0.000,0.000,0.000,0.000,0.000,0.220,0.148,0.078,0.000,0.040,4.900,5.729,0.042,0.000,0.000,0.068,0.231,0.000,0.000,0.000,0.000,0.057,0.000,0.000,
0.000,0.000,0.062,0.081,0.000,0.000,0.085,1.477,0.162,0.000,0.000,0.584,8.505,0.068,0.000,0.000,0.191,0.358,0.073,0.000,0.000,0.000,0.000,0.000,0.000,
0.000,0.000,0.062,0.081,0.000,0.000,0.085,1.477,0.162,0.000,0.000,0.584,8.505,0.068,0.000,0.000,0.191,0.358,0.073,0.000,0.000,0.000,0.000,0.000,0.000,
0.000,0.000,0.000,0.000,0.000,0.000,0.000,0.192,0.051,0.000,0.043,0.000,6.077,0.203,0.000,0.000,0.145,0.388,0.069,0.000,0.000,0.770,0.187,0.062,0.000,
0.000,0.000,0.000,0.000,0.000,0.000,0.000,0.192,0.051,0.000,0.043,0.000,6.077,0.203,0.000,0.000,0.145,0.388,0.069,0.000,0.000,0.770,0.187,0.062,0.000,
0.036,0.000,0.000,0.000,0.000,0.000,0.000,0.145,0.169,0.000,0.000,0.047,7.082,2.224,0.000,0.049,0.113,1.696,0.363,0.049,0.000,0.042,0.070,0.000,0.000,
0.036,0.000,0.000,0.000,0.000,0.000,0.000,0.145,0.169,0.000,0.000,0.047,7.082,2.224,0.000,0.049,0.113,1.696,0.363,0.049,0.000,0.042,0.070,0.000,0.000,
0.000,0.000,0.079,0.081,0.000,0.000,0.102,4.179,1.790,0.121,0.049,0.085,4.203,0.725,0.000,0.000,0.000,0.077,0.043,0.000,0.000,0.000,0.000,0.000,0.000,
0.000,0.000,0.079,0.081,0.000,0.000,0.102,4.179,1.790,0.121,0.049,0.085,4.203,0.725,0.000,0.000,0.000,0.077,0.043,0.000,0.000,0.000,0.000,0.000,0.000,
0.000,0.000,0.043,0.053,0.000,0.000,0.260,1.225,0.262,0.000,0.000,2.034,7.208,0.221,0.075,0.000,0.041,0.073,0.000,0.000,0.038,0.000,0.000,0.000,0.000,
0.000,0.000,0.043,0.053,0.000,0.000,0.260,1.225,0.262,0.000,0.000,2.034,7.208,0.221,0.075,0.000,0.041,0.073,0.000,0.000,0.038,0.000,0.000,0.000,0.000,
0.000,0.000,0.000,0.000,0.000,0.000,0.000,0.116,0.053,0.082,0.000,0.000,3.215,2.582,0.047,0.000,0.097,1.269,0.541,0.000,0.000,1.462,1.576,0.068,0.000,
0.000,0.000,0.000,0.000,0.000,0.000,0.000,0.116,0.053,0.082,0.000,0.000,3.215,2.582,0.047,0.000,0.097,1.269,0.541,0.000,0.000,1.462,1.576,0.068,0.000,
0.000,0.000,0.042,0.000,0.000,0.000,0.000,0.265,0.206,0.000,0.036,0.132,4.972,0.529,0.049,0.000,0.091,2.364,0.227,0.000,0.000,0.122,4.670,0.092,0.043,
0.036,0.132,4.972,0.529,0.049,0.000,0.091,2.364,0.227,0.000,0.000,0.122,4.670,0.092,0.043,0.000,0.000,0.000,0.075,0.000,0.000,0.000,0.000,0.000,0.000,
0.000,0.000,0.036,0.000,0.000,0.000,0.189,1.703,0.117,0.072,0.091,2.325,4.657,0.081,0.000,0.000,2.740,0.353,0.045,0.000,0.000,0.043,0.058,0.000,0.000,
0.000,0.000,0.036,0.000,0.000,0.000,0.189,1.703,0.117,0.072,0.091,2.325,4.657,0.081,0.000,0.000,2.740,0.353,0.045,0.000,0.000,0.043,0.058,0.000,0.000,
0.000,0.000,0.000,0.000,0.000,0.000,0.072,0.078,0.194,0.076,0.000,0.143,15.851,1.005,0.057,0.000,0.235,1.640,0.665,0.120,0.000,0.000,0.099,0.038,0.000,
0.000,0.000,0.000,0.000,0.000,0.000,0.072,0.078,0.194,0.076,0.000,0.143,15.851,1.005,0.057,0.000,0.235,1.640,0.665,0.120,0.000,0.000,0.099,0.038,0.000,
0.044,0.000,0.000,0.000,0.000,0.044,0.120,0.191,0.055,0.000,0.000,0.478,9.251,0.140,0.000,0.000,0.229,4.852,0.268,0.000,0.050,0.000,0.111,0.044,0.000,
0.044,0.000,0.000,0.000,0.000,0.044,0.120,0.191,0.055,0.000,0.000,0.478,9.251,0.140,0.000,0.000,0.229,4.852,0.268,0.000,0.050,0.000,0.111,0.044,0.000,
0.000,0.042,0.056,0.000,0.000,0.000,0.143,0.449,0.161,0.000,0.040,2.273,9.540,0.433,0.000,0.042,0.121,0.149,0.091,0.034,0.000,0.000,0.000,0.000,0.000,
0.000,0.042,0.056,0.000,0.000,0.000,0.143,0.449,0.161,0.000,0.040,2.273,9.540,0.433,0.000,0.042,0.121,0.149,0.091,0.034,0.000,0.000,0.000,0.000,0.000,
0.000,0.000,0.000,0.000,0.000,0.000,0.072,0.123,0.066,0.036,0.041,0.710,8.037,0.326,0.000,0.066,3.781,2.164,0.000,0.000,0.043,0.000,0.081,0.000,0.000,
0.000,0.000,0.000,0.000,0.000,0.000,0.072,0.123,0.066,0.036,0.041,0.710,8.037,0.326,0.000,0.066,3.781,2.164,0.000,0.000,0.043,0.000,0.081,0.000,0.000,
0.000,0.000,0.044,0.000,0.000,0.000,0.074,0.078,0.000,0.076,0.000,1.153,6.520,0.146,0.000,0.121,1.918,3.219,0.091,0.000,0.000,0.000,0.670,0.068,0.000,
0.000,0.000,0.044,0.000,0.000,0.000,0.074,0.078,0.000,0.076,0.000,1.153,6.520,0.146,0.000,0.121,1.918,3.219,0.091,0.000,0.000,0.000,0.670,0.068,0.000,
0.000,0.000,0.096,0.000,0.000,0.000,0.075,0.748,0.719,0.000,0.000,0.049,4.550,4.463,0.154,0.000,0.000,0.043,0.051,0.000,0.000,0.000,0.000,0.000,0.000,
0.000,0.000,0.096,0.000,0.000,0.000,0.075,0.748,0.719,0.000,0.000,0.049,4.550,4.463,0.154,0.000,0.000,0.043,0.051,0.000,0.000,0.000,0.000,0.000,0.000,
0.000,0.000,0.000,0.000,0.000,0.000,0.000,0.044,0.000,0.000,0.093,3.364,3.741,0.103,0.000,0.158,2.641,2.041,0.179,0.000,0.000,0.082,0.099,0.053,0.000,
0.000,0.000,0.000,0.000,0.000,0.000,0.000,0.044,0.000,0.000,0.093,3.364,3.741,0.103,0.000,0.158,2.641,2.041,0.179,0.000,0.000,0.082,0.099,0.053,0.000,
0.000,0.000,0.000,0.069,0.000,0.041,0.092,1.394,0.981,0.000,0.000,0.071,10.097,0.945,0.000,0.000,0.000,0.069,0.051,0.056,0.000,0.036,0.000,0.000,0.000,
0.000,0.000,0.000,0.069,0.000,0.041,0.092,1.394,0.981,0.000,0.000,0.071,10.097,0.945,0.000,0.000,0.000,0.069,0.051,0.056,0.000,0.036,0.000,0.000,0.000,
0.000,0.000,0.074,0.000,0.000,0.133,1.726,0.769,0.000,0.000,0.044,4.970,8.085,0.082,0.068,0.051,0.074,0.186,0.000,0.000,0.000,0.000,0.047,0.000,0.000,
0.000,0.000,0.074,0.000,0.000,0.133,1.726,0.769,0.000,0.000,0.044,4.970,8.085,0.082,0.068,0.051,0.074,0.186,0.000,0.000,0.000,0.000,0.047,0.000,0.000,
0.000,0.000,0.043,0.000,0.000,0.000,0.051,0.079,0.000,0.071,0.000,0.363,11.893,1.694,0.096,0.000,0.053,0.641,0.304,0.036,0.000,0.000,0.000,0.000,0.000,
0.000,0.000,0.043,0.000,0.000,0.000,0.051,0.079,0.000,0.071,0.000,0.363,11.893,1.694,0.096,0.000,0.053,0.641,0.304,0.036,0.000,0.000,0.000,0.000,0.000,
0.000,0.000,0.000,0.000,0.000,0.000,0.049,0.139,0.093,0.000,0.053,5.478,9.025,0.124,0.000,0.069,0.295,0.941,0.072,0.000,0.000,0.050,0.088,0.038,0.000,
0.000,0.000,0.000,0.000,0.000,0.000,0.049,0.139,0.093,0.000,0.053,5.478,9.025,0.124,0.000,0.069,0.295,0.941,0.072,0.000,0.000,0.050,0.088,0.038,0.000,
0.000,0.000,0.000,0.975,0.047,0.000,0.038,0.076,0.045,0.000,0.000,0.191,7.661,0.486,0.000,0.000,0.094,1.402,0.247,0.000,0.000,0.000,0.045,0.000,0.000,
0.000,0.000,0.000,0.000,0.000,0.000,0.000,0.590,0.000,0.000,0.000,0.000,0.975,0.047,0.000,0.038,0.076,0.045,0.000,0.000,0.191,7.661,0.486,0.000,0.000,
0.000,0.053,0.000,0.036,0.000,0.000,0.045,0.161,0.000,0.000,0.000,5.139,5.801,0.221,0.000,0.040,0.306,0.668,0.079,0.000,0.000,0.000,0.000,0.000,0.000,
0.000,0.053,0.000,0.036,0.000,0.000,0.045,0.161,0.000,0.000,0.000,5.139,5.801,0.221,0.000,0.040,0.306,0.668,0.079,0.000,0.000,0.000,0.000,0.000,0.000,
0.000,0.000,0.000,0.000,0.000,0.000,0.000,0.000,0.070,0.000,0.000,0.000,0.250,0.108,0.000,0.000,0.000,0.000,0.000,0.000,0.000,0.000,0.000,0.000,0.000,
0.000,0.000,0.000,0.000,0.000,0.057,0.113,0.080,0.000,0.000,0.071,4.816,4.837,0.074,0.000,0.000,0.683,1.387,0.084,0.000,0.000,0.036,0.000,0.000,0.000,
0.000,0.142,0.049,0.000,0.000,0.049,0.157,0.229,0.000,0.042,0.000,1.555,5.514,0.093,0.000,0.049,0.055,0.097,0.000,0.000,0.000,0.000,0.000,0.000,0.000,
0.000,0.000,0.000,0.040,0.000,0.000,0.000,0.095,0.178,0.036,0.000,0.000,5.266,1.349,0.000,0.053,0.000,0.142,0.049,0.000,0.000,0.049,0.157,0.229,0.000,
0.000,0.000,0.111,0.000,0.000,0.000,0.060,3.466,3.321,0.089,0.000,0.137,5.263,0.631,0.115,0.000,0.072,0.530,0.280,0.081,0.000,0.000,0.089,0.087,0.000,
0.000,0.000,0.111,0.000,0.000,0.000,0.060,3.466,3.321,0.089,0.000,0.137,5.263,0.631,0.115,0.000,0.072,0.530,0.280,0.081,0.000,0.000,0.089,0.087,0.000,
0.041,0.000,0.000,0.000,0.036,0.000,0.066,0.045,0.000,0.000,0.000,1.126,5.196,0.102,0.000,0.000,0.217,0.484,0.205,0.000,0.000,0.197,4.783,0.049,0.000,
0.000,1.126,5.196,0.102,0.000,0.000,0.217,0.484,0.205,0.000,0.000,0.197,4.783,0.049,0.000,0.000,0.000,0.000,0.000,0.000,0.000,0.000,0.000,0.000,0.000,
0.000,0.000,0.000,0.000,0.000,0.000,0.045,0.066,0.085,0.000,0.077,0.696,9.432,0.228,0.000,0.000,0.102,0.128,0.083,0.051,0.000,0.093,0.040,0.040,0.000,
0.000,0.000,0.000,0.000,0.000,0.000,0.045,0.066,0.085,0.000,0.077,0.696,9.432,0.228,0.000,0.000,0.102,0.128,0.083,0.051,0.000,0.093,0.040,0.040,0.000,
0.038,0.082,5.575,0.300,0.040,0.000,0.200,3.870,0.164,0.038,0.038,0.250,5.125,0.130,0.046,0.000,0.080,0.101,0.080,0.000,0.000,0.000,0.000,0.000,0.000,
0.000,0.000,0.000,0.000,0.000,0.000,0.063,0.118,0.000,0.000,0.038,0.082,5.575,0.300,0.040,0.000,0.200,3.870,0.164,0.038,0.038,0.250,5.125,0.130,0.046,
0.000,0.000,0.000,0.000,0.000,0.000,0.000,0.000,0.000,0.000,0.000,0.059,0.487,0.168,0.000,0.000,0.000,0.391,0.048,0.000,0.000,0.000,0.000,0.000,0.000,
0.000,0.000,0.000,0.000,0.000,0.000,0.073,0.117,0.201,0.073,0.000,0.078,8.744,2.077,0.042,0.000,0.052,0.279,0.307,0.094,0.000,0.000,0.000,0.000,0.000,
0.000,0.000,0.000,0.000,0.045,0.000,0.072,4.563,0.776,0.064,0.000,0.080,5.345,1.806,0.106,0.000,0.000,0.116,0.118,0.000,0.000,0.000,0.000,0.000,0.000,
0.000,0.000,0.000,0.000,0.045,0.000,0.072,4.563,0.776,0.064,0.000,0.080,5.345,1.806,0.106,0.000,0.000,0.116,0.118,0.000,0.000,0.000,0.000,0.000,0.000,
0.000,0.000,0.000,0.000,0.042,0.000,0.159,0.704,0.225,0.000,0.000,0.329,6.046,0.375,0.066,0.000,0.223,5.752,0.000,0.000,0.000,0.049,0.100,0.000,0.000,
0.000,0.000,0.000,0.000,0.042,0.000,0.159,0.704,0.225,0.000,0.000,0.329,6.046,0.375,0.066,0.000,0.223,5.752,0.000,0.000,0.000,0.049,0.100,0.000,0.000,
0.000,0.000,0.000,0.072,0.000,0.000,0.081,2.556,1.175,0.231,0.000,0.000,3.916,3.233,0.136,0.000,0.040,0.077,0.083,0.000,0.000,0.000,0.000,0.000,0.000,
0.000,0.000,0.000,0.072,0.000,0.000,0.081,2.556,1.175,0.231,0.000,0.000,3.916,3.233,0.136,0.000,0.040,0.077,0.083,0.000,0.000,0.000,0.000,0.000,0.000,
0.000,0.000,0.000,0.000,0.000,0.000,0.042,0.000,0.063,0.000,0.000,0.159,5.327,0.310,0.000,0.046,1.009,4.098,0.217,0.000,0.000,0.062,0.249,0.000,0.000,
0.000,0.000,0.000,0.000,0.000,0.000,0.042,0.000,0.063,0.000,0.000,0.159,5.327,0.310,0.000,0.046,1.009,4.098,0.217,0.000,0.000,0.062,0.249,0.000,0.000,
0.000,0.000,0.000,0.000,0.000,0.066,0.051,0.079,0.000,0.000,0.086,3.777,4.983,0.060,0.000,0.058,0.371,1.860,0.079,0.000,0.000,0.000,0.054,0.000,0.000,
0.000,0.000,0.000,0.000,0.000,0.066,0.051,0.079,0.000,0.000,0.086,3.777,4.983,0.060,0.000,0.058,0.371,1.860,0.079,0.000,0.000,0.000,0.054,0.000,0.000,
0.051,0.000,0.000,0.000,0.000,3.407,0.133,0.615,0.217,0.046,6.832,0.385,3.675,1.219,0.000,0.225,0.057,0.000,0.088,0.000,0.000,0.000,0.000,0.000,0.000,
0.000,0.000,0.051,0.000,0.000,0.000,0.086,3.407,0.133,0.615,0.000,0.511,6.832,0.385,3.675,0.044,0.143,0.225,0.057,0.000,0.000,0.000,0.000,0.000,0.000,
0.000,0.000,0.000,0.045,0.000,0.000,0.727,2.618,0.064,0.043,0.000,0.465,4.393,0.081,0.000,0.058,1.754,0.081,0.043,0.000,0.036,0.463,0.128,0.000,0.000,
0.000,0.000,0.000,0.045,0.000,0.000,0.727,2.618,0.064,0.043,0.000,0.465,4.393,0.081,0.000,0.058,1.754,0.081,0.043,0.000,0.036,0.463,0.128,0.000,0.000,
0.000,0.000,0.049,0.043,0.000,0.000,0.062,1.354,3.064,0.060,0.000,0.069,3.752,0.952,0.058,0.000,0.000,0.047,0.000,0.000,0.000,0.000,0.000,0.000,0.000,
0.000,0.000,0.049,0.043,0.000,0.000,0.062,1.354,3.064,0.060,0.000,0.069,3.752,0.952,0.058,0.000,0.000,0.047,0.000,0.000,0.000,0.000,0.000,0.000,0.000,
0.000,0.000,0.079,0.045,0.000,0.000,0.036,2.225,0.274,0.000,0.000,0.124,9.766,1.015,0.088,0.036,0.066,0.508,0.300,0.049,0.000,0.051,0.000,0.000,0.000,
0.000,0.000,0.079,0.045,0.000,0.000,0.036,2.225,0.274,0.000,0.000,0.124,9.766,1.015,0.088,0.036,0.066,0.508,0.300,0.049,0.000,0.051,0.000,0.000,0.000,
0.000,0.000,0.000,0.000,0.000,0.000,0.000,0.000,0.064,0.000,0.038,0.000,0.314,0.293,0.000,0.000,0.000,0.000,0.000,0.000,0.000,0.000,0.000,0.000,0.000,
0.000,0.000,0.072,0.000,0.000,0.053,0.146,0.148,0.000,0.000,0.063,1.274,4.902,0.161,0.059,0.063,3.238,4.564,0.078,0.000,0.000,0.000,0.000,0.000,0.044,
0.000,0.000,0.078,0.034,0.038,0.000,0.328,3.342,0.187,0.000,0.068,0.461,9.185,0.228,0.000,0.000,0.085,0.125,0.000,0.060,0.050,0.059,0.000,0.000,0.000,
0.000,0.000,0.078,0.034,0.038,0.000,0.328,3.342,0.187,0.000,0.068,0.461,9.185,0.228,0.000,0.000,0.085,0.125,0.000,0.060,0.050,0.059,0.000,0.000,0.000,
0.000,0.000,0.000,0.000,0.000,0.000,0.000,0.077,0.122,0.000,0.000,0.209,6.444,0.331,0.000,0.043,1.741,2.150,0.269,0.049,0.000,0.070,0.094,0.000,0.000,
0.000,0.000,0.000,0.000,0.000,0.000,0.000,0.077,0.122,0.000,0.000,0.209,6.444,0.331,0.000,0.043,1.741,2.150,0.269,0.049,0.000,0.070,0.094,0.000,0.000,
0.000,0.050,0.000,0.000,0.000,0.000,0.107,0.280,0.000,0.000,0.000,0.432,1.405,0.000,0.000,0.000,0.000,0.559,0.061,0.000,0.000,0.000,0.000,0.000,0.000,
0.000,0.050,0.000,0.000,0.000,0.000,0.107,0.280,0.000,0.000,0.000,0.432,1.405,0.000,0.000,0.000,0.000,0.559,0.061,0.000,0.000,0.000,0.000,0.000,0.000,
0.000,0.060,0.000,0.000,0.000,0.000,0.487,0.408,0.066,0.000,0.000,3.305,9.733,0.152,0.000,0.000,0.236,0.208,0.092,0.000,0.000,0.043,0.000,0.000,0.000,
0.000,0.060,0.000,0.000,0.000,0.000,0.487,0.408,0.066,0.000,0.000,3.305,9.733,0.152,0.000,0.000,0.236,0.208,0.092,0.000,0.000,0.043,0.000,0.000,0.000,
0.000,0.000,0.000,0.000,0.000,0.000,0.000,0.063,0.095,0.000,0.000,0.471,11.761,0.234,0.051,0.000,0.421,0.781,1.317,0.000,0.000,0.000,0.055,0.000,0.000,
0.000,0.000,0.000,0.000,0.000,0.000,0.000,0.063,0.095,0.000,0.000,0.471,11.761,0.234,0.051,0.000,0.421,0.781,1.317,0.000,0.000,0.000,0.055,0.000,0.000,
0.000,0.000,0.000,0.042,0.000,0.000,0.054,0.163,0.149,0.000,0.000,0.165,10.488,0.572,0.000,0.000,0.060,0.296,0.207,0.038,0.000,0.058,0.123,0.036,0.036,
0.000,0.060,0.296,0.207,0.038,0.000,0.058,0.123,0.036,0.036,0.000,0.185,3.439,0.096,0.000,0.000,0.000,0.000,0.000,0.045,0.000,0.000,0.000,0.000,0.000,
0.000,0.000,0.049,0.047,0.000,0.000,0.000,0.620,0.776,0.038,0.000,0.172,7.472,1.039,0.090,0.000,0.000,0.099,0.043,0.000,0.000,0.000,0.000,0.000,0.000,
0.000,0.000,0.049,0.047,0.000,0.000,0.000,0.620,0.776,0.038,0.000,0.172,7.472,1.039,0.090,0.000,0.000,0.099,0.043,0.000,0.000,0.000,0.000,0.000,0.000,
0.042,2.610,1.106,0.156,0.049,0.000,0.154,0.804,0.224,0.000,0.000,0.090,11.108,0.562,0.046,0.000,0.051,0.152,0.000,0.000,0.000,0.000,0.038,0.000,0.000,
0.000,0.000,0.000,0.000,0.000,0.000,0.000,0.589,0.042,0.000,0.000,0.042,2.610,1.106,0.156,0.000,0.000,0.154,0.804,0.224,0.000,0.000,0.090,11.108,0.562,
0.000,0.045,0.000,0.000,0.000,0.000,0.101,0.257,0.129,0.039,0.000,0.121,9.339,1.055,0.145,0.000,0.046,0.348,0.617,0.000,0.000,0.000,1.210,0.481,0.000,
0.000,0.045,0.000,0.000,0.000,0.000,0.101,0.257,0.129,0.039,0.000,0.121,9.339,1.055,0.145,0.000,0.046,0.348,0.617,0.000,0.000,0.000,1.210,0.481,0.000,
0.071,0.096,0.068,0.043,0.000,6.153,0.746,0.435,0.111,0.000,0.452,0.273,5.108,0.081,0.000,0.000,0.000,0.067,0.000,0.000,0.000,0.000,0.039,0.000,0.000,
0.000,0.000,0.039,0.000,0.000,0.000,0.000,0.071,0.096,0.068,0.000,0.085,6.153,0.746,0.435,0.000,0.000,0.452,0.273,5.108,0.000,0.000,0.000,0.000,0.067,
0.049,0.000,0.000,0.000,0.000,0.000,0.000,0.161,0.000,0.000,0.040,0.499,1.554,0.059,0.000,0.000,0.000,0.000,0.000,0.000,0.000,0.000,0.000,0.000,0.000,
0.036,0.000,0.040,0.040,0.000,0.040,0.112,0.661,0.190,0.049,0.053,0.336,12.472,0.380,0.000,0.000,0.070,0.137,0.066,0.040,0.000,0.000,0.036,0.000,0.000,
0.000,0.869,0.057,0.000,0.000,0.000,0.072,0.118,0.000,0.046,0.000,0.268,11.672,0.236,0.000,0.000,0.280,2.176,0.303,0.000,0.000,0.000,0.067,0.042,0.000,
0.000,0.000,0.000,0.000,0.000,0.000,0.000,0.000,0.000,0.000,0.000,0.000,0.869,0.057,0.000,0.000,0.000,0.072,0.118,0.000,0.042,0.000,0.268,11.672,0.236,
0.000,0.000,1.447,0.134,0.036,0.000,0.041,0.128,0.045,0.060,0.041,0.165,11.398,0.267,0.000,0.053,0.092,0.684,0.329,0.000,0.000,0.085,0.000,0.000,0.000,
0.000,0.000,0.000,0.000,0.000,0.000,0.060,0.047,0.000,0.000,0.000,0.000,1.447,0.134,0.036,0.000,0.041,0.128,0.045,0.060,0.041,0.165,11.398,0.267,0.000,
0.040,0.000,0.000,0.000,0.000,0.000,0.107,3.748,0.272,0.000,0.000,0.120,3.758,0.315,0.000,0.000,0.000,0.157,0.114,0.000,0.000,0.236,2.377,0.090,0.000,
0.000,0.120,3.758,0.315,0.000,0.000,0.000,0.157,0.114,0.000,0.000,0.236,2.377,0.090,0.000,0.000,0.045,0.086,0.060,0.000,0.000,0.000,0.000,0.000,0.000,
0.000,0.000,0.000,0.000,0.000,0.042,0.000,0.262,0.150,0.000,0.049,0.055,13.533,0.931,0.146,0.000,0.122,0.716,0.608,0.061,0.000,0.000,0.067,0.000,0.000,
0.000,0.000,0.000,0.000,0.000,0.042,0.000,0.262,0.150,0.000,0.049,0.055,13.533,0.931,0.146,0.000,0.122,0.716,0.608,0.061,0.000,0.000,0.067,0.000,0.000,
0.068,0.000,0.127,0.000,0.000,0.047,0.163,2.356,0.503,0.044,0.049,0.560,14.413,0.339,0.036,0.036,0.000,0.102,0.083,0.000,0.000,0.000,0.000,0.000,0.040,
0.068,0.000,0.127,0.000,0.000,0.047,0.163,2.356,0.503,0.044,0.049,0.560,14.413,0.339,0.036,0.036,0.000,0.102,0.083,0.000,0.000,0.000,0.000,0.000,0.040,
0.000,1.478,3.688,0.064,0.000,0.000,1.863,1.147,0.104,0.000,0.000,0.181,4.929,0.122,0.000,0.039,0.073,0.000,0.000,0.000,0.000,0.000,0.000,0.000,0.000,
0.000,0.000,0.000,0.000,0.000,0.000,0.086,0.103,0.000,0.000,0.000,1.478,3.688,0.064,0.000,0.000,1.863,1.147,0.104,0.000,0.000,0.181,4.929,0.122,0.000,
0.000,0.000,0.000,0.000,0.000,0.000,0.043,0.000,0.000,0.058,0.000,0.184,3.560,0.255,0.000,0.000,2.921,3.339,0.068,0.000,0.000,0.143,0.213,0.000,0.000,
0.000,0.000,0.000,0.000,0.000,0.000,0.043,0.000,0.000,0.058,0.000,0.184,3.560,0.255,0.000,0.000,2.921,3.339,0.068,0.000,0.000,0.143,0.213,0.000,0.000,
0.000,0.000,0.098,0.000,0.000,0.000,0.341,1.303,0.128,0.000,0.000,0.384,4.948,0.203,0.000,0.000,0.000,0.727,0.745,0.000,0.000,0.000,0.000,0.000,0.000,
0.000,0.000,0.098,0.000,0.000,0.000,0.341,1.303,0.128,0.000,0.000,0.384,4.948,0.203,0.000,0.000,0.000,0.727,0.745,0.000,0.000,0.000,0.000,0.000,0.000,
0.000,0.000,0.154,0.154,0.060,0.041,0.068,4.287,1.886,0.077,0.000,0.041,4.848,0.313,0.000,0.000,0.000,0.315,0.047,0.000,0.000,0.000,0.000,0.000,0.000,
0.000,0.000,0.154,0.154,0.060,0.041,0.068,4.287,1.886,0.077,0.000,0.041,4.848,0.313,0.000,0.000,0.000,0.315,0.047,0.000,0.000,0.000,0.000,0.000,0.000,
0.046,0.000,0.000,0.000,0.000,0.000,0.064,2.509,0.261,0.034,0.000,0.054,3.782,1.064,0.077,0.000,0.088,3.324,0.278,0.060,0.000,0.036,0.103,0.060,0.000,
0.046,0.000,0.000,0.000,0.000,0.000,0.064,2.509,0.261,0.034,0.000,0.054,3.782,1.064,0.077,0.000,0.088,3.324,0.278,0.060,0.000,0.036,0.103,0.060,0.000,
0.000,0.084,3.858,0.231,0.000,0.000,0.113,3.767,0.271,0.000,0.000,0.084,5.202,0.057,0.000,0.000,0.000,0.082,0.000,0.000,0.000,0.049,0.000,0.000,0.000,
0.000,0.084,3.858,0.231,0.000,0.000,0.113,3.767,0.271,0.000,0.000,0.084,5.202,0.057,0.000,0.000,0.000,0.082,0.000,0.000,0.000,0.049,0.000,0.000,0.000,
0.000,0.000,0.000,0.040,0.000,0.000,0.047,0.252,0.425,0.131,0.040,0.093,8.795,2.490,0.089,0.000,0.000,0.155,0.229,0.000,0.000,0.000,0.000,0.000,0.000,
0.000,0.000,0.000,0.040,0.000,0.000,0.047,0.252,0.425,0.131,0.040,0.093,8.795,2.490,0.089,0.000,0.000,0.155,0.229,0.000,0.000,0.000,0.000,0.000,0.000,
0.000,0.000,0.000,0.038,0.000,0.000,0.052,1.789,0.505,0.000,0.000,0.000,5.473,3.378,0.155,0.000,0.069,1.128,2.967,0.180,0.000,0.044,0.084,0.117,0.086,
0.000,0.000,0.000,0.038,0.000,0.000,0.052,1.789,0.505,0.000,0.000,0.000,5.473,3.378,0.155,0.000,0.069,1.128,2.967,0.180,0.000,0.044,0.084,0.117,0.086,
0.000,0.000,0.000,0.000,0.000,0.000,0.000,0.206,0.082,0.000,0.000,0.107,8.981,0.802,0.000,0.000,0.042,0.661,0.217,0.000,0.000,0.000,0.000,0.000,0.000,
0.000,0.000,0.000,0.000,0.000,0.000,0.000,0.206,0.082,0.000,0.000,0.107,8.981,0.802,0.000,0.000,0.042,0.661,0.217,0.000,0.000,0.000,0.000,0.000,0.000,
0.000,0.000,0.000,0.000,0.000,0.000,0.113,0.736,0.038,0.000,0.038,0.127,5.044,0.171,0.000,0.000,0.000,4.849,1.593,0.105,0.000,0.000,0.041,0.214,0.000,
0.000,0.000,0.000,0.000,0.000,0.000,0.113,0.736,0.038,0.000,0.038,0.127,5.044,0.171,0.000,0.000,0.000,4.849,1.593,0.105,0.000,0.000,0.041,0.214,0.000,
0.189,0.749,0.120,0.036,0.000,0.000,0.149,5.013,0.170,0.000,0.050,0.770,9.832,0.224,0.044,0.000,0.152,0.184,0.061,0.000,0.000,0.000,0.000,0.000,0.000,
0.189,0.749,0.120,0.036,0.000,0.000,0.149,5.013,0.170,0.000,0.050,0.770,9.832,0.224,0.044,0.000,0.152,0.184,0.061,0.000,0.000,0.000,0.000,0.000,0.000,
0.000,0.044,0.123,0.055,0.061,0.000,0.203,4.422,0.448,0.000,0.000,0.250,8.008,0.390,0.000,0.000,0.000,0.280,0.047,0.000,0.000,0.000,0.000,0.000,0.000,
0.000,0.044,0.123,0.055,0.061,0.000,0.203,4.422,0.448,0.000,0.000,0.250,8.008,0.390,0.000,0.000,0.000,0.280,0.047,0.000,0.000,0.000,0.000,0.000,0.000,
0.036,0.000,2.321,3.720,0.113,0.000,0.000,0.000,0.119,0.000,0.000,0.000,2.883,0.145,0.000,0.000,0.000,0.514,0.079,0.000,0.000,0.000,0.000,0.000,0.000,
0.000,0.000,0.068,0.000,0.000,0.000,0.397,3.337,0.134,0.000,0.000,2.321,3.720,0.113,0.000,0.000,0.000,0.119,0.000,0.000,0.000,2.883,0.145,0.000,0.000,
0.000,0.000,3.336,0.313,0.000,0.000,0.077,0.139,0.091,0.000,0.000,0.203,6.840,0.219,0.000,0.000,0.000,0.365,0.071,0.000,0.000,0.000,0.000,0.000,0.000,
0.000,0.000,0.000,0.062,0.000,0.000,0.000,0.034,0.052,0.000,0.000,0.000,3.336,0.313,0.000,0.000,0.077,0.139,0.091,0.000,0.000,0.203,6.840,0.219,0.000,
0.036,2.774,0.109,0.000,0.000,0.000,0.185,0.300,0.000,0.000,0.000,2.733,4.033,0.049,0.000,0.060,0.253,0.407,0.000,0.000,0.036,0.000,0.000,0.000,0.000,
0.000,0.000,0.000,0.000,0.000,0.000,0.000,0.000,0.000,0.000,0.000,0.036,2.774,0.109,0.000,0.000,0.000,0.185,0.300,0.000,0.000,0.000,2.733,4.033,0.049,
0.000,0.000,0.000,0.000,0.000,0.000,0.000,0.000,0.000,0.000,0.000,0.068,6.230,3.880,0.119,0.000,0.000,0.293,0.751,0.091,0.000,0.000,0.038,0.047,0.000,
0.000,0.000,0.000,0.000,0.000,0.000,0.000,0.000,0.000,0.000,0.000,0.068,6.230,3.880,0.119,0.000,0.000,0.293,0.751,0.091,0.000,0.000,0.038,0.047,0.000,
0.000,0.000,0.083,0.000,0.000,0.000,0.000,0.121,0.000,0.000,0.000,0.058,3.951,0.250,0.000,0.000,0.143,3.403,1.649,0.135,0.000,0.000,0.304,0.310,0.000,
0.000,0.000,0.083,0.000,0.000,0.000,0.000,0.121,0.000,0.000,0.000,0.058,3.951,0.250,0.000,0.000,0.143,3.403,1.649,0.135,0.000,0.000,0.304,0.310,0.000,
0.000,0.000,0.049,0.000,0.000,0.038,0.055,0.072,0.000,0.000,0.000,0.275,11.656,0.167,0.000,0.072,0.227,0.542,0.144,0.000,0.000,0.076,0.000,0.000,0.000,
0.000,0.000,0.000,0.000,0.000,0.000,0.000,0.000,0.000,0.000,0.000,0.000,2.118,0.059,0.000,0.000,0.000,0.189,0.108,0.000,0.000,0.000,0.000,0.049,0.000,
0.000,0.000,0.000,0.044,0.000,0.000,0.000,0.040,0.085,0.000,0.000,0.000,0.698,0.000,0.000,0.000,0.000,0.000,0.000,0.000,0.000,0.000,0.000,0.000,0.000,
0.078,0.057,0.053,0.046,0.042,0.000,0.302,1.605,0.175,0.000,0.046,0.179,9.269,0.146,0.000,0.000,0.000,0.044,0.000,0.000,0.000,0.040,0.085,0.000,0.000,
0.000,0.000,0.038,0.057,0.000,0.042,0.120,3.919,0.380,0.000,0.000,0.537,9.648,0.196,0.000,0.057,0.116,0.301,0.141,0.000,0.000,0.000,0.059,0.000,0.000,
0.000,0.000,0.038,0.057,0.000,0.042,0.120,3.919,0.380,0.000,0.000,0.537,9.648,0.196,0.000,0.057,0.116,0.301,0.141,0.000,0.000,0.000,0.059,0.000,0.000,
0.000,0.000,0.000,0.000,0.000,0.000,0.038,0.231,0.109,0.061,0.000,0.000,9.517,7.114,0.392,0.000,0.000,0.367,0.528,0.057,0.000,0.000,0.000,0.000,0.044,
0.000,0.000,0.000,0.000,0.000,0.000,0.038,0.231,0.109,0.061,0.000,0.000,9.517,7.114,0.392,0.000,0.000,0.367,0.528,0.057,0.000,0.000,0.000,0.000,0.044,
0.000,0.000,0.000,0.000,0.000,0.000,0.050,0.056,0.034,0.000,0.000,0.113,3.553,0.135,0.000,0.000,0.240,0.842,0.183,0.000,0.000,1.019,5.182,0.085,0.036,
0.000,0.113,3.553,0.135,0.000,0.000,0.240,0.842,0.183,0.000,0.000,1.019,5.182,0.085,0.036,0.000,0.000,0.092,0.000,0.000,0.034,0.000,0.044,0.000,0.000,
0.000,0.000,0.057,0.000,0.000,0.038,0.265,1.034,0.265,0.000,0.717,0.345,12.462,0.250,0.000,0.000,0.000,0.070,0.000,0.000,0.000,0.000,0.000,0.000,0.000,
0.000,0.000,0.057,0.000,0.000,0.038,0.265,1.034,0.265,0.000,0.717,0.345,12.462,0.250,0.000,0.000,0.000,0.070,0.000,0.000,0.000,0.000,0.000,0.000,0.000,
0.000,0.113,8.092,0.887,0.036,0.000,0.075,0.341,0.249,0.000,0.000,0.772,1.474,0.064,0.000,0.000,0.041,0.000,0.000,0.000,0.000,0.000,0.000,0.000,0.000,
0.000,0.045,0.000,0.000,0.000,0.000,0.000,0.141,0.100,0.000,0.000,0.113,8.092,0.887,0.036,0.000,0.075,0.341,0.249,0.000,0.000,0.772,1.474,0.064,0.000,
0.000,0.000,0.000,0.000,0.000,0.000,0.000,0.231,0.247,0.000,0.000,0.081,10.601,0.144,0.094,0.000,0.422,4.832,0.207,0.063,0.052,0.096,0.087,0.052,0.052,
0.000,0.000,0.000,0.000,0.000,0.000,0.000,0.231,0.247,0.000,0.000,0.081,10.601,0.144,0.094,0.000,0.422,4.832,0.207,0.063,0.052,0.096,0.087,0.052,0.052,
0.000,0.038,1.427,0.000,0.000,0.000,0.041,0.277,0.064,0.000,0.000,0.152,10.073,1.515,0.036,0.000,0.092,0.779,0.687,0.049,0.000,0.000,0.000,0.058,0.000,
0.000,0.038,1.427,0.000,0.000,0.000,0.041,0.277,0.064,0.000,0.000,0.152,10.073,1.515,0.036,0.000,0.092,0.779,0.687,0.049,0.000,0.000,0.000,0.058,0.000,
0.000,0.088,0.000,0.000,0.000,0.000,0.143,0.135,0.053,0.000,0.105,2.301,6.887,0.049,0.000,0.087,3.466,0.268,0.000,0.000,0.000,0.036,0.000,0.000,0.000,
0.000,0.088,0.000,0.000,0.000,0.000,0.143,0.135,0.053,0.000,0.105,2.301,6.887,0.049,0.000,0.087,3.466,0.268,0.000,0.000,0.000,0.036,0.000,0.000,0.000,
0.000,0.545,0.708,0.036,0.000,0.000,0.139,0.122,0.041,0.051,0.000,0.163,7.818,0.204,0.000,0.000,0.098,0.463,0.161,0.000,0.000,0.043,0.000,0.000,0.000,
0.000,0.000,0.000,0.000,0.000,0.000,0.000,0.036,0.000,0.000,0.000,0.000,1.552,0.186,0.000,0.000,0.000,0.545,0.708,0.036,0.000,0.000,0.139,0.122,0.041,
0.000,0.000,0.097,0.000,0.044,0.000,0.097,2.098,1.090,0.000,0.000,0.057,5.061,4.431,0.104,0.055,0.000,0.093,0.000,0.036,0.000,0.000,0.000,0.000,0.000,
0.000,0.000,0.097,0.000,0.044,0.000,0.097,2.098,1.090,0.000,0.000,0.057,5.061,4.431,0.104,0.055,0.000,0.093,0.000,0.036,0.000,0.000,0.000,0.000,0.000,
0.000,0.000,0.000,0.000,0.047,0.000,0.053,0.230,0.128,0.000,0.041,0.139,12.711,1.381,0.096,0.000,0.124,0.612,0.361,0.000,0.000,0.038,0.000,0.053,0.000,
0.000,0.000,0.000,0.000,0.047,0.000,0.053,0.230,0.128,0.000,0.041,0.139,12.711,1.381,0.096,0.000,0.124,0.612,0.361,0.000,0.000,0.038,0.000,0.053,0.000,
0.000,0.000,0.000,0.000,0.000,0.076,0.100,0.214,0.057,0.000,0.000,0.226,12.269,0.901,0.070,0.000,0.133,0.553,0.224,0.057,0.000,0.053,0.055,0.000,0.000,
0.000,0.000,0.000,0.000,0.000,0.076,0.100,0.214,0.057,0.000,0.000,0.226,12.269,0.901,0.070,0.000,0.133,0.553,0.224,0.057,0.000,0.053,0.055,0.000,0.000,
0.000,1.130,0.145,0.000,0.000,0.000,0.162,1.217,0.064,0.000,0.000,0.309,9.549,0.189,0.057,0.000,0.061,0.089,0.000,0.055,0.000,0.000,0.000,0.000,0.000,
0.000,1.130,0.145,0.000,0.000,0.000,0.162,1.217,0.064,0.000,0.000,0.309,9.549,0.189,0.057,0.000,0.061,0.089,0.000,0.055,0.000,0.000,0.000,0.000,0.000,
0.000,0.000,0.045,0.069,0.000,0.000,0.000,0.279,2.703,0.056,0.000,0.146,7.196,0.993,0.105,0.000,0.049,0.045,0.041,0.000,0.000,0.000,0.000,0.058,0.049,
0.000,0.000,0.045,0.069,0.000,0.000,0.000,0.279,2.703,0.056,0.000,0.146,7.196,0.993,0.105,0.000,0.049,0.045,0.041,0.000,0.000,0.000,0.000,0.058,0.049,
0.082,8.834,1.641,0.156,0.000,0.000,0.120,0.065,0.080,0.095,0.000,0.000,1.412,0.127,0.000,0.000,0.000,0.909,0.000,0.000,0.000,0.000,0.000,0.000,0.000,
0.000,0.000,0.000,0.082,0.000,0.069,0.065,1.984,1.296,0.088,0.040,0.082,8.834,1.641,0.156,0.046,0.000,0.120,0.065,0.080,0.000,0.000,0.000,1.412,0.127,
0.000,0.000,0.000,0.000,0.000,0.642,0.289,0.000,0.000,0.044,3.903,1.403,2.840,0.186,0.000,0.823,0.194,1.240,0.096,0.000,0.046,0.050,0.000,0.000,0.000,
0.000,0.000,0.000,0.000,0.000,0.000,0.052,0.642,0.289,0.000,0.000,0.102,3.903,1.403,2.840,0.000,0.071,0.823,0.194,1.240,0.000,0.000,0.046,0.050,0.000,
0.000,0.000,0.060,0.000,0.000,0.000,0.045,1.391,0.216,0.049,0.000,0.105,6.344,5.886,0.051,0.000,0.045,0.182,0.163,0.049,0.000,0.000,0.000,0.000,0.000,
0.000,0.000,0.060,0.000,0.000,0.000,0.045,1.391,0.216,0.049,0.000,0.105,6.344,5.886,0.051,0.000,0.045,0.182,0.163,0.049,0.000,0.000,0.000,0.000,0.000,
0.000,0.000,0.000,0.000,0.000,0.000,0.907,0.688,0.088,0.069,0.000,0.221,12.933,2.178,0.000,0.000,0.053,0.170,0.286,0.036,0.000,0.000,0.067,0.000,0.000,
0.000,0.000,0.000,0.000,0.000,0.000,0.907,0.688,0.088,0.069,0.000,0.221,12.933,2.178,0.000,0.000,0.053,0.170,0.286,0.036,0.000,0.000,0.067,0.000,0.000,
0.000,0.000,0.000,0.000,0.000,0.000,0.047,0.621,0.146,0.000,0.049,0.176,10.909,0.394,0.061,0.036,0.144,0.144,0.108,0.000,0.000,0.055,0.000,0.000,0.000,
0.000,0.000,0.000,0.000,0.000,0.000,0.558,0.163,0.000,0.000,0.000,0.298,1.004,0.000,0.000,0.000,0.000,0.000,0.000,0.000,0.621,0.146,0.000,0.000,0.000,
0.000,0.000,0.000,0.000,0.000,0.045,0.128,0.296,0.047,0.000,0.000,0.753,11.574,0.508,0.000,0.000,0.101,0.133,0.105,0.000,0.000,0.000,0.000,0.000,0.000,
0.000,0.000,0.000,0.000,0.000,0.045,0.128,0.296,0.047,0.000,0.000,0.753,11.574,0.508,0.000,0.000,0.101,0.133,0.105,0.000,0.000,0.000,0.000,0.000,0.000,
0.000,4.802,1.314,0.000,0.000,0.076,0.478,0.361,0.036,0.000,0.064,0.860,8.072,0.240,0.043,0.079,0.119,0.287,0.134,0.000,0.000,0.000,0.000,0.000,0.000,
0.000,0.036,0.000,0.000,0.000,0.000,0.045,0.000,0.064,0.000,0.000,0.000,4.802,1.314,0.000,0.000,0.076,0.478,0.361,0.036,0.000,0.064,0.860,8.072,0.240,
0.000,0.000,0.000,0.038,0.000,0.000,0.208,0.301,0.057,0.000,0.000,1.563,3.515,0.072,0.000,0.000,1.340,2.669,0.096,0.000,0.000,0.107,0.212,0.000,0.000,
0.000,0.000,0.000,0.038,0.000,0.000,0.208,0.301,0.057,0.000,0.000,1.563,3.515,0.072,0.000,0.000,1.340,2.669,0.096,0.000,0.000,0.107,0.212,0.000,0.000,
0.000,0.000,0.000,0.000,0.000,0.000,0.000,0.068,0.171,0.000,0.073,0.135,5.712,0.165,0.000,0.000,0.000,0.101,0.000,0.000,0.000,0.000,0.000,0.000,0.000,
0.000,0.000,0.000,0.000,0.000,0.000,0.077,0.000,0.043,0.000,0.000,0.270,3.465,0.041,0.000,0.000,0.349,1.279,0.000,0.000,0.000,0.000,0.000,0.000,0.000,
0.000,0.000,0.068,0.000,0.000,0.000,0.051,0.848,0.440,0.000,0.000,0.044,7.400,1.470,0.068,0.000,0.087,0.127,1.998,0.144,0.000,0.057,0.000,0.471,0.055,
0.000,0.000,0.068,0.000,0.000,0.000,0.051,0.848,0.440,0.000,0.000,0.044,7.400,1.470,0.068,0.000,0.087,0.127,1.998,0.144,0.000,0.057,0.000,0.471,0.055,
0.000,0.092,0.178,0.000,0.000,0.000,0.079,0.163,0.084,0.036,0.000,0.143,1.431,0.076,0.000,0.000,0.000,0.000,0.000,0.060,0.000,0.000,0.000,0.000,0.000,
0.000,0.000,0.000,0.000,0.000,0.000,0.122,0.210,0.000,0.000,0.000,0.753,7.649,0.175,0.000,0.000,0.092,0.178,0.000,0.000,0.000,0.079,0.163,0.084,0.036,
0.000,0.183,9.074,0.288,0.000,0.000,0.084,0.000,0.000,0.000,0.050,0.494,2.040,0.000,0.000,0.000,0.300,0.494,0.065,0.000,0.000,0.000,0.000,0.000,0.000,
0.042,0.000,0.038,0.000,0.000,0.000,0.000,0.636,0.115,0.000,0.000,0.183,9.074,0.288,0.000,0.000,0.084,0.000,0.000,0.000,0.050,0.494,2.040,0.000,0.000,
0.000,0.000,0.000,0.043,0.105,0.000,0.000,0.128,2.212,3.745,0.000,0.098,4.806,0.210,0.142,0.049,0.187,1.634,0.146,0.057,0.000,0.070,0.070,0.000,0.000,
0.000,0.000,0.000,0.000,0.000,0.000,0.043,0.105,0.000,0.000,0.128,2.212,3.745,0.000,0.000,4.806,0.210,0.142,0.000,0.036,1.634,0.146,0.057,0.000,0.000,
0.000,0.000,0.000,0.147,0.000,0.000,0.000,0.113,3.638,0.124,0.000,0.044,9.641,3.067,0.075,0.000,0.077,1.222,0.572,0.058,0.000,0.046,0.081,0.000,0.000,
0.000,0.000,0.000,0.147,0.000,0.000,0.000,0.113,3.638,0.124,0.000,0.044,9.641,3.067,0.075,0.000,0.077,1.222,0.572,0.058,0.000,0.046,0.081,0.000,0.000,
0.036,0.050,0.046,0.000,0.000,0.000,0.149,2.557,0.216,0.000,0.000,2.065,10.376,0.205,0.000,0.000,0.150,0.245,0.044,0.000,0.000,0.000,0.000,0.000,0.000,
0.036,0.050,0.046,0.000,0.000,0.000,0.149,2.557,0.216,0.000,0.000,2.065,10.376,0.205,0.000,0.000,0.150,0.245,0.044,0.000,0.000,0.000,0.000,0.000,0.000,
0.000,0.000,0.042,0.191,0.000,0.000,0.044,1.063,1.957,0.034,0.000,0.076,5.369,0.263,0.000,0.000,0.000,1.373,0.269,0.000,0.000,0.000,0.039,0.060,0.000,
0.000,0.000,0.042,0.191,0.000,0.000,0.044,1.063,1.957,0.034,0.000,0.076,5.369,0.263,0.000,0.000,0.000,1.373,0.269,0.000,0.000,0.000,0.039,0.060,0.000,
0.000,0.000,0.452,0.183,0.000,0.000,0.917,6.642,0.210,0.055,0.094,0.994,7.995,0.164,0.050,0.000,0.088,0.191,0.000,0.000,0.000,0.000,0.000,0.000,0.000,
0.000,0.000,0.452,0.183,0.000,0.000,0.917,6.642,0.210,0.055,0.094,0.994,7.995,0.164,0.050,0.000,0.088,0.191,0.000,0.000,0.000,0.000,0.000,0.000,0.000,
0.057,0.000,0.833,0.219,0.063,0.000,0.164,1.197,0.353,0.000,0.061,0.757,14.139,0.149,0.036,0.084,0.182,0.623,0.036,0.050,0.000,0.000,0.119,0.000,0.000,
0.057,0.000,0.833,0.219,0.063,0.000,0.164,1.197,0.353,0.000,0.061,0.757,14.139,0.149,0.036,0.084,0.182,0.623,0.036,0.050,0.000,0.000,0.119,0.000,0.000,
0.000,0.079,0.075,0.000,0.000,0.000,0.674,1.710,0.148,0.000,0.000,4.689,6.958,0.124,0.000,0.000,0.070,0.038,0.000,0.000,0.000,0.000,0.038,0.052,0.000,
0.000,0.079,0.075,0.000,0.000,0.000,0.674,1.710,0.148,0.000,0.000,4.689,6.958,0.124,0.000,0.000,0.070,0.038,0.000,0.000,0.000,0.000,0.038,0.052,0.000,
0.000,0.000,0.000,0.075,1.342,0.000,0.000,0.452,0.137,4.731,0.000,0.071,2.582,0.169,0.077,0.000,0.000,0.053,0.000,0.000,0.000,0.000,0.000,0.000,0.000,
0.000,0.000,0.000,0.000,0.000,0.000,0.075,1.342,0.102,0.000,0.452,0.137,4.731,0.164,0.237,2.582,0.169,0.077,0.000,2.036,0.053,0.000,0.000,0.000,0.056,
0.000,0.430,6.438,0.190,0.000,0.000,0.116,0.590,0.120,0.000,0.000,0.095,4.662,0.127,0.000,0.000,0.000,0.000,0.000,0.000,0.000,0.000,0.000,0.000,0.000,
0.040,0.059,0.057,0.000,0.000,0.000,0.076,0.382,0.000,0.000,0.000,0.430,6.438,0.190,0.000,0.000,0.116,0.590,0.120,0.000,0.000,0.095,4.662,0.127,0.000,
0.000,0.000,0.000,0.000,0.000,0.043,0.045,0.051,0.075,0.000,0.000,0.395,7.394,0.322,0.064,0.000,0.122,2.690,0.077,0.000,0.000,0.000,0.000,0.000,0.000,
0.000,0.000,0.000,0.000,0.000,0.043,0.045,0.051,0.075,0.000,0.000,0.395,7.394,0.322,0.064,0.000,0.122,2.690,0.077,0.000,0.000,0.000,0.000,0.000,0.000,
0.000,0.000,0.045,0.000,0.000,0.055,0.058,1.740,0.424,0.000,0.000,0.075,5.089,3.887,0.000,0.000,0.000,0.000,0.157,0.000,0.000,0.000,0.000,0.000,0.000,
0.000,0.000,0.045,0.000,0.000,0.055,0.058,1.740,0.424,0.000,0.000,0.075,5.089,3.887,0.000,0.000,0.000,0.000,0.157,0.000,0.000,0.000,0.000,0.000,0.000,
0.051,0.079,0.990,0.066,0.000,0.000,0.126,2.715,0.140,0.000,0.051,0.360,10.254,0.453,0.000,0.000,0.080,0.186,0.100,0.000,0.000,0.053,0.000,0.000,0.051,
0.051,0.079,0.990,0.066,0.000,0.000,0.126,2.715,0.140,0.000,0.051,0.360,10.254,0.453,0.000,0.000,0.080,0.186,0.100,0.000,0.000,0.053,0.000,0.000,0.051,
0.000,0.000,0.049,0.000,0.000,0.000,0.000,0.000,0.000,0.000,0.000,1.867,7.122,0.218,0.000,0.000,0.277,5.444,0.171,0.000,0.000,0.081,0.130,0.000,0.000,
0.000,0.000,0.049,0.000,0.000,0.000,0.000,0.000,0.000,0.000,0.000,1.867,7.122,0.218,0.000,0.000,0.277,5.444,0.171,0.000,0.000,0.081,0.130,0.000,0.000,
0.000,0.000,0.000,0.000,0.000,0.000,0.000,0.109,0.000,0.000,0.034,0.520,4.755,0.088,0.000,0.050,2.229,2.612,0.199,0.000,0.042,0.105,0.000,0.062,0.000,
0.000,0.000,0.000,0.000,0.000,0.000,0.000,0.109,0.000,0.000,0.034,0.520,4.755,0.088,0.000,0.050,2.229,2.612,0.199,0.000,0.042,0.105,0.000,0.062,0.000,
0.000,0.000,0.058,0.000,0.000,0.000,0.000,0.277,0.177,0.000,0.000,0.000,1.300,0.081,0.000,0.000,0.040,0.000,0.000,0.000,0.000,0.000,0.000,0.000,0.000,
0.000,0.000,0.000,0.000,0.000,0.000,0.159,1.490,0.085,0.000,0.000,0.582,7.992,0.108,0.060,0.000,0.000,0.058,0.000,0.000,0.000,0.000,0.277,0.177,0.000,
0.000,1.029,0.000,0.000,0.000,0.000,0.093,0.121,0.000,0.036,0.051,2.369,7.610,0.178,0.000,0.000,0.289,0.468,0.070,0.000,0.000,0.000,0.000,0.038,0.000,
0.000,1.029,0.000,0.000,0.000,0.000,0.093,0.121,0.000,0.036,0.051,2.369,7.610,0.178,0.000,0.000,0.289,0.468,0.070,0.000,0.000,0.000,0.000,0.038,0.000,
0.000,0.000,0.044,0.000,0.000,0.034,2.080,0.560,0.000,0.000,0.061,3.762,5.228,0.095,0.038,0.038,0.662,0.341,0.034,0.000,0.000,0.000,0.000,0.000,0.000,
0.000,0.000,0.044,0.000,0.000,0.034,2.080,0.560,0.000,0.000,0.061,3.762,5.228,0.095,0.038,0.038,0.662,0.341,0.034,0.000,0.000,0.000,0.000,0.000,0.000,
0.000,0.000,0.000,0.000,0.000,0.000,0.000,0.104,0.079,0.000,0.000,0.155,6.263,0.385,0.000,0.000,0.085,0.283,0.181,0.000,0.000,1.311,1.057,0.000,0.000,
0.000,0.000,0.155,6.263,0.385,0.000,0.000,0.085,0.283,0.181,0.000,0.000,1.311,1.057,0.000,0.000,0.000,0.047,0.000,0.000,0.000,0.000,0.000,0.000,0.000,
0.000,0.053,0.635,0.185,0.038,0.069,0.197,3.393,0.245,0.000,0.000,0.333,6.377,0.127,0.049,0.000,0.068,0.043,0.000,0.000,0.000,0.000,0.000,0.047,0.000,
0.000,0.053,0.635,0.185,0.038,0.069,0.197,3.393,0.245,0.000,0.000,0.333,6.377,0.127,0.049,0.000,0.068,0.043,0.000,0.000,0.000,0.000,0.000,0.047,0.000,
0.000,0.000,0.000,0.000,0.000,0.000,0.000,0.715,0.446,0.000,0.000,0.149,7.206,0.296,0.000,0.000,0.034,0.312,0.074,0.000,0.000,0.000,0.000,0.071,0.000,
0.000,0.000,0.000,0.000,0.000,0.000,0.000,0.715,0.446,0.000,0.000,0.149,7.206,0.296,0.000,0.000,0.034,0.312,0.074,0.000,0.000,0.000,0.000,0.071,0.000,
0.000,0.000,0.000,0.000,0.000,0.000,0.000,0.072,0.056,0.034,0.000,0.445,5.217,0.125,0.000,0.048,0.216,3.342,0.129,0.000,0.000,0.186,0.761,0.059,0.000,
0.000,0.000,0.000,0.000,0.000,0.000,0.000,0.072,0.056,0.034,0.000,0.445,5.217,0.125,0.000,0.048,0.216,3.342,0.129,0.000,0.000,0.186,0.761,0.059,0.000,
0.000,0.000,0.079,0.000,0.000,0.000,0.062,0.515,0.094,0.000,0.000,2.572,4.528,0.105,0.000,0.040,0.000,0.056,0.000,0.000,0.000,0.000,0.000,0.000,0.000,
0.000,0.000,0.058,0.054,0.000,0.000,0.069,1.858,0.957,0.043,0.000,0.000,3.120,0.182,0.000,0.000,0.000,0.000,0.079,0.000,0.000,0.000,0.062,0.515,0.094,
0.040,0.040,0.073,0.071,0.000,0.048,5.694,5.492,0.086,0.000,0.065,0.787,7.256,0.035,0.000,0.000,0.125,0.295,0.046,0.000,0.000,0.000,0.000,0.000,0.000,
0.040,0.040,0.073,0.071,0.000,0.048,5.694,5.492,0.086,0.000,0.065,0.787,7.256,0.035,0.000,0.000,0.125,0.295,0.046,0.000,0.000,0.000,0.000,0.000,0.000,
0.000,0.042,0.108,0.000,0.000,0.051,0.840,2.119,0.151,0.000,0.066,2.908,6.368,0.104,0.000,0.000,0.038,0.109,0.000,0.000,0.000,0.000,0.000,0.000,0.000,
0.000,0.042,0.108,0.000,0.000,0.051,0.840,2.119,0.151,0.000,0.066,2.908,6.368,0.104,0.000,0.000,0.038,0.109,0.000,0.000,0.000,0.000,0.000,0.000,0.000,
0.000,0.000,0.000,0.000,0.000,0.000,0.000,0.000,0.000,0.000,0.000,0.053,6.366,0.780,0.000,0.000,0.074,0.697,0.247,0.051,0.000,0.000,4.968,0.832,0.000,
0.000,0.053,6.366,0.780,0.000,0.000,0.074,0.697,0.247,0.051,0.000,0.000,4.968,0.832,0.000,0.000,0.000,0.132,0.038,0.000,0.000,0.000,0.000,0.000,0.000,
0.000,0.000,0.000,0.000,0.000,0.051,0.104,0.102,0.038,0.000,0.000,0.704,5.865,0.117,0.038,0.043,0.208,3.554,0.102,0.000,0.000,0.083,0.533,0.000,0.000,
0.000,0.000,0.000,0.000,0.000,0.051,0.104,0.102,0.038,0.000,0.000,0.704,5.865,0.117,0.038,0.043,0.208,3.554,0.102,0.000,0.000,0.083,0.533,0.000,0.000,
0.000,0.049,0.000,0.000,0.000,0.000,0.000,0.049,0.047,0.000,0.000,0.000,4.303,1.919,0.000,0.000,0.057,0.453,2.598,0.109,0.000,0.000,0.149,2.435,0.117,
0.000,0.049,0.000,0.000,0.000,0.000,0.000,0.049,0.047,0.000,0.000,0.000,4.303,1.919,0.000,0.000,0.057,0.453,2.598,0.109,0.000,0.000,0.149,2.435,0.117,
0.000,0.000,2.543,0.258,0.000,0.000,0.034,0.113,0.091,0.000,0.000,0.058,1.438,0.520,0.000,0.000,0.000,0.358,0.358,0.000,0.000,0.000,0.000,0.000,0.040,
0.000,0.000,0.000,0.000,0.000,0.000,0.000,0.000,0.034,0.000,0.000,0.000,4.166,1.139,0.000,0.000,0.056,0.085,0.125,0.050,0.000,0.000,0.034,0.000,0.000,
0.000,0.115,0.000,0.000,0.000,0.036,3.887,1.097,0.000,0.000,0.000,0.587,7.992,0.143,0.000,0.047,0.162,0.828,0.100,0.000,0.000,0.000,0.086,0.000,0.000,
0.000,0.115,0.000,0.000,0.000,0.036,3.887,1.097,0.000,0.000,0.000,0.587,7.992,0.143,0.000,0.047,0.162,0.828,0.100,0.000,0.000,0.000,0.086,0.000,0.000,
0.000,0.000,0.000,0.070,0.000,0.000,0.185,0.716,4.198,0.149,0.000,0.094,10.794,1.284,0.104,0.000,0.000,0.047,0.058,0.000,0.000,0.000,0.000,0.000,0.043,
0.000,0.000,0.000,0.070,0.000,0.000,0.185,0.716,4.198,0.149,0.000,0.094,10.794,1.284,0.104,0.000,0.000,0.047,0.058,0.000,0.000,0.000,0.000,0.000,0.043,
0.000,0.000,0.000,0.045,0.000,0.000,0.000,0.095,0.000,0.000,0.000,1.241,5.829,0.053,0.000,0.000,0.129,0.127,0.000,0.000,0.000,0.057,0.000,0.000,0.000,
0.000,0.000,0.000,0.000,0.000,0.000,0.000,0.040,0.000,0.000,0.000,0.081,2.235,0.000,0.000,0.000,0.070,0.521,0.130,0.000,0.000,0.000,0.000,0.000,0.045,
0.000,0.000,0.049,0.000,0.000,0.000,0.036,0.428,0.060,0.000,0.000,0.075,6.013,0.347,0.000,0.000,0.070,0.179,0.077,0.000,0.060,0.329,5.971,0.115,0.000,
0.000,0.075,6.013,0.347,0.000,0.000,0.070,0.179,0.077,0.000,0.060,0.329,5.971,0.115,0.000,0.000,0.060,0.363,0.041,0.000,0.000,0.000,0.000,0.041,0.000,
0.038,0.000,0.000,0.000,0.000,0.000,0.099,0.210,0.178,0.000,0.000,0.223,8.640,0.586,0.065,0.042,0.080,5.843,0.376,0.000,0.000,0.000,0.068,0.036,0.000,
0.038,0.000,0.000,0.000,0.000,0.000,0.099,0.210,0.178,0.000,0.000,0.223,8.640,0.586,0.065,0.042,0.080,5.843,0.376,0.000,0.000,0.000,0.068,0.036,0.000,
0.000,0.000,0.000,0.070,0.000,0.000,0.000,0.000,0.000,0.000,0.000,0.100,4.680,0.109,0.000,0.000,0.041,0.885,0.109,0.000,0.000,0.231,3.227,0.058,0.000,
0.000,0.100,4.680,0.109,0.000,0.000,0.041,0.885,0.109,0.000,0.000,0.231,3.227,0.058,0.000,0.000,0.146,0.045,0.038,0.000,0.000,0.000,0.000,0.000,0.000,
0.000,0.041,0.043,0.000,0.000,0.000,0.041,0.158,0.000,0.000,0.000,0.295,6.180,0.212,0.000,0.056,0.191,4.732,0.217,0.036,0.000,0.000,0.000,0.000,0.000,
0.000,0.041,0.043,0.000,0.000,0.000,0.041,0.158,0.000,0.000,0.000,0.295,6.180,0.212,0.000,0.056,0.191,4.732,0.217,0.036,0.000,0.000,0.000,0.000,0.000,
0.000,0.000,0.000,0.000,0.000,0.000,0.153,0.505,0.047,0.000,0.000,0.678,13.577,0.425,0.066,0.000,0.111,0.961,0.138,0.000,0.000,0.000,0.079,0.038,0.000,
0.000,0.000,0.000,0.000,0.000,0.000,0.153,0.505,0.047,0.000,0.000,0.678,13.577,0.425,0.066,0.000,0.111,0.961,0.138,0.000,0.000,0.000,0.079,0.038,0.000,
0.000,1.075,2.891,0.109,0.000,0.092,0.298,1.017,0.131,0.000,0.000,3.591,4.975,0.124,0.000,0.079,0.326,0.852,0.000,0.054,0.000,0.000,0.045,0.000,0.000,
0.000,1.075,2.891,0.109,0.000,0.092,0.298,1.017,0.131,0.000,0.000,3.591,4.975,0.124,0.000,0.079,0.326,0.852,0.000,0.054,0.000,0.000,0.045,0.000,0.000,
0.000,0.000,0.000,0.053,0.000,0.000,0.000,0.097,0.169,0.078,0.000,0.101,5.355,2.081,4.693,0.000,0.000,0.340,0.188,0.828,0.000,0.000,0.000,0.000,0.000,
0.000,0.053,0.000,0.000,0.000,0.097,0.169,0.078,0.118,0.046,5.355,2.081,4.693,3.387,0.059,0.340,0.188,0.828,0.203,0.087,0.000,0.000,0.000,0.000,0.036,
0.044,0.097,0.099,0.055,0.000,0.063,0.979,6.122,0.109,0.000,0.053,3.208,6.361,0.101,0.000,0.040,0.644,1.445,0.133,0.000,0.000,0.067,0.109,0.000,0.038,
0.044,0.097,0.099,0.055,0.000,0.063,0.979,6.122,0.109,0.000,0.053,3.208,6.361,0.101,0.000,0.040,0.644,1.445,0.133,0.000,0.000,0.067,0.109,0.000,0.038,
0.000,0.069,0.040,0.000,0.000,0.044,0.061,0.403,0.599,0.050,0.000,0.079,9.873,3.644,0.129,0.000,0.000,0.146,0.231,0.000,0.000,0.000,0.000,0.000,0.000,
0.000,0.000,0.000,0.000,0.000,0.042,0.000,0.000,0.000,0.000,0.000,0.000,0.319,0.000,0.000,0.000,0.000,0.069,0.040,0.000,0.000,0.044,0.061,0.403,0.599,
0.000,0.000,0.000,0.000,0.000,0.000,0.102,0.823,0.166,0.000,0.049,0.290,9.317,0.376,0.000,0.000,0.000,1.865,0.230,0.067,0.000,0.000,0.000,0.000,0.000,
0.000,0.000,0.000,0.000,0.000,0.000,0.102,0.823,0.166,0.000,0.049,0.290,9.317,0.376,0.000,0.000,0.000,1.865,0.230,0.067,0.000,0.000,0.000,0.000,0.000,
0.000,0.000,0.000,0.000,0.000,0.000,0.000,0.089,0.139,0.060,0.000,0.482,11.069,1.603,0.046,0.000,0.000,0.947,0.491,0.056,0.000,0.000,0.000,0.000,0.048,
0.000,0.000,0.000,0.000,0.000,0.000,0.000,0.089,0.139,0.060,0.000,0.482,11.069,1.603,0.046,0.000,0.000,0.947,0.491,0.056,0.000,0.000,0.000,0.000,0.048,
0.000,0.000,0.235,5.970,0.000,0.000,0.000,0.139,0.075,0.000,0.000,0.000,2.624,0.000,0.000,0.000,0.000,0.000,0.000,0.000,0.000,0.000,0.000,0.000,0.000,
0.000,0.000,0.072,0.241,0.000,0.053,0.281,2.938,0.000,0.000,0.000,0.235,5.970,0.000,0.000,0.000,0.139,0.075,0.000,0.036,0.000,2.624,0.000,0.000,0.000,
0.000,0.000,0.095,0.000,0.049,0.068,0.214,1.260,0.108,0.000,0.157,1.029,6.154,0.000,0.000,0.051,3.288,0.132,0.000,0.036,0.000,0.000,0.000,0.000,0.000,
0.000,0.000,0.095,0.000,0.049,0.068,0.214,1.260,0.108,0.000,0.157,1.029,6.154,0.000,0.000,0.051,3.288,0.132,0.000,0.036,0.000,0.000,0.000,0.000,0.000,
0.000,0.000,0.000,0.000,0.040,0.000,0.000,0.088,0.112,0.000,0.000,0.450,9.160,1.704,0.000,0.000,1.041,1.981,0.269,0.101,0.000,0.000,0.088,0.086,0.000,
0.000,0.000,0.000,0.000,0.040,0.000,0.000,0.088,0.112,0.000,0.000,0.450,9.160,1.704,0.000,0.000,1.041,1.981,0.269,0.101,0.000,0.000,0.088,0.086,0.000,
0.000,0.000,0.000,0.000,0.000,0.075,0.000,0.064,0.079,0.045,3.148,0.107,3.759,1.877,2.664,0.169,0.051,0.157,0.230,0.240,0.000,0.000,0.000,0.000,0.000,
0.000,0.000,0.000,0.000,0.000,0.075,0.000,0.064,0.079,0.045,3.148,0.107,3.759,1.877,2.664,0.169,0.051,0.157,0.230,0.240,0.000,0.000,0.000,0.000,0.000,
0.000,0.062,0.712,0.391,0.000,0.000,0.068,3.071,0.524,0.000,0.000,0.096,7.093,0.547,0.000,0.043,0.000,0.064,0.051,0.000,0.000,0.000,0.000,0.000,0.000,
0.000,0.062,0.712,0.391,0.000,0.000,0.068,3.071,0.524,0.000,0.000,0.096,7.093,0.547,0.000,0.043,0.000,0.064,0.051,0.000,0.000,0.000,0.000,0.000,0.000,
0.000,0.000,0.066,0.047,0.000,0.000,0.101,1.555,0.160,0.000,0.000,0.036,7.860,2.776,0.068,0.000,0.000,0.229,0.093,0.000,0.000,0.000,0.000,0.045,0.000,
0.000,0.000,0.066,0.047,0.000,0.000,0.101,1.555,0.160,0.000,0.000,0.036,7.860,2.776,0.068,0.000,0.000,0.229,0.093,0.000,0.000,0.000,0.000,0.045,0.000,
0.000,0.000,0.000,0.000,0.000,0.000,0.077,2.786,0.361,0.000,0.000,0.127,4.676,0.300,0.000,0.000,0.043,1.845,0.307,0.058,0.000,0.000,0.042,0.040,0.000,
0.000,0.000,0.000,0.000,0.000,0.000,0.077,2.786,0.361,0.000,0.000,0.127,4.676,0.300,0.000,0.000,0.043,1.845,0.307,0.058,0.000,0.000,0.042,0.040,0.000,
0.036,0.000,0.000,0.000,0.000,0.000,0.084,0.519,0.184,0.000,0.000,1.251,10.442,0.227,0.000,0.000,0.000,0.098,0.082,0.000,0.000,0.000,0.038,0.048,0.000,
0.036,0.000,0.000,0.000,0.000,0.000,0.084,0.519,0.184,0.000,0.000,1.251,10.442,0.227,0.000,0.000,0.000,0.098,0.082,0.000,0.000,0.000,0.038,0.048,0.000,
0.000,0.000,0.000,0.000,0.000,0.000,0.061,0.133,0.000,0.000,0.000,0.559,10.948,0.160,0.000,0.000,0.263,1.393,0.408,0.000,0.000,0.065,0.663,0.549,0.044,
0.000,0.000,0.000,0.000,0.000,0.000,0.061,0.133,0.000,0.000,0.000,0.559,10.948,0.160,0.000,0.000,0.263,1.393,0.408,0.000,0.000,0.065,0.663,0.549,0.044,
0.091,0.074,0.057,0.000,0.000,0.168,1.343,0.570,0.085,0.055,0.036,0.750,7.880,0.125,0.000,0.000,0.000,0.000,0.045,0.000,0.000,0.000,0.000,0.000,0.000,
0.091,0.074,0.057,0.000,0.000,0.168,1.343,0.570,0.085,0.055,0.036,0.750,7.880,0.125,0.000,0.000,0.000,0.000,0.045,0.000,0.000,0.000,0.000,0.000,0.000,
0.000,0.000,0.099,0.061,0.000,0.000,0.132,3.333,4.022,0.000,0.000,0.095,6.538,0.870,0.042,0.000,0.049,0.000,0.000,0.000,0.000,0.000,0.000,0.000,0.000,
0.000,0.000,0.099,0.061,0.000,0.000,0.132,3.333,4.022,0.000,0.000,0.095,6.538,0.870,0.042,0.000,0.049,0.000,0.000,0.000,0.000,0.000,0.000,0.000,0.000,
0.000,0.036,4.192,0.299,0.000,0.000,0.072,0.169,0.053,0.042,0.000,3.326,3.957,0.087,0.000,0.036,0.427,0.814,0.065,0.036,0.000,0.078,0.074,0.000,0.000,
0.000,0.000,0.000,0.000,0.000,0.000,0.000,0.524,0.112,0.061,0.000,0.036,4.192,0.299,0.000,0.000,0.072,0.169,0.053,0.042,0.000,3.326,3.957,0.087,0.000,
0.000,0.044,0.042,0.000,0.000,0.000,0.000,0.165,0.060,0.000,0.000,0.959,5.797,0.147,0.000,0.091,0.424,2.571,0.113,0.000,0.000,0.093,0.040,0.000,0.000,
0.000,0.044,0.042,0.000,0.000,0.000,0.000,0.165,0.060,0.000,0.000,0.959,5.797,0.147,0.000,0.091,0.424,2.571,0.113,0.000,0.000,0.093,0.040,0.000,0.000,
0.000,0.052,0.000,0.000,0.000,0.000,0.326,0.653,0.078,0.000,0.000,1.259,13.544,0.437,0.074,0.000,0.276,0.850,0.236,0.000,0.000,0.036,0.000,0.000,0.000,
0.000,0.052,0.000,0.000,0.000,0.000,0.326,0.653,0.078,0.000,0.000,1.259,13.544,0.437,0.074,0.000,0.276,0.850,0.236,0.000,0.000,0.036,0.000,0.000,0.000,
0.000,0.000,0.096,0.160,0.000,0.000,0.058,0.075,0.000,0.000,0.000,1.057,1.708,0.049,0.060,0.000,0.073,0.079,0.000,0.000,0.000,0.000,0.000,0.000,0.000,
0.000,0.040,0.079,0.000,0.000,0.000,0.433,0.897,0.100,0.000,0.000,3.100,3.947,0.092,0.000,0.000,0.096,0.160,0.000,0.000,0.058,0.075,0.000,0.000,0.000,
0.000,1.013,1.292,0.000,0.000,0.000,2.688,1.243,0.141,0.038,0.000,0.000,4.491,0.268,0.000,0.000,0.000,0.000,0.000,0.000,0.000,0.000,0.000,0.000,0.000,
0.000,1.013,1.292,0.000,0.000,0.000,2.688,1.243,0.141,0.038,0.000,0.000,4.491,0.268,0.000,0.000,0.000,0.000,0.000,0.000,0.000,0.000,0.000,0.000,0.000,
2.802,2.342,0.051,0.000,0.000,0.501,0.284,1.556,0.092,0.000,0.036,0.181,3.588,0.083,0.000,0.000,0.047,0.000,0.000,0.000,0.000,0.000,0.000,0.000,0.000,
0.000,0.000,0.000,0.000,0.000,0.039,0.000,0.098,0.167,0.073,0.000,0.045,2.802,2.342,0.051,0.000,0.072,0.501,0.284,1.556,0.000,0.000,0.036,0.181,3.588,
0.000,0.000,0.091,0.036,0.034,0.000,0.056,3.250,0.986,0.046,0.000,0.185,6.134,0.185,0.054,0.000,0.052,0.365,0.066,0.000,0.000,0.000,0.000,0.000,0.000,
0.000,0.000,0.091,0.036,0.034,0.000,0.056,3.250,0.986,0.046,0.000,0.185,6.134,0.185,0.054,0.000,0.052,0.365,0.066,0.000,0.000,0.000,0.000,0.000,0.000,
0.000,0.053,0.231,0.000,0.000,0.000,0.194,1.874,0.099,0.000,0.046,0.329,5.389,0.143,0.000,0.000,0.099,0.000,0.040,0.042,0.000,0.000,0.000,0.000,0.000,
0.000,0.000,0.000,0.000,0.000,0.000,0.059,0.147,0.000,0.000,0.000,0.145,5.438,0.158,0.000,0.000,0.053,0.231,0.000,0.000,0.000,0.194,1.874,0.099,0.000,
0.000,0.042,0.059,0.000,0.000,0.048,1.702,0.691,0.067,0.000,0.083,0.329,6.795,0.081,0.000,0.000,0.000,0.042,0.040,0.000,0.000,0.000,0.000,0.000,0.000,
0.000,0.042,0.059,0.000,0.000,0.048,1.702,0.691,0.067,0.000,0.083,0.329,6.795,0.081,0.000,0.000,0.000,0.042,0.040,0.000,0.000,0.000,0.000,0.000,0.000,
0.048,0.000,0.040,0.000,0.000,0.000,2.696,1.421,0.000,0.000,0.052,1.073,4.095,0.048,0.000,0.000,3.898,0.912,0.043,0.043,0.000,0.099,0.071,0.000,0.000,
0.048,0.000,0.040,0.000,0.000,0.000,2.696,1.421,0.000,0.000,0.052,1.073,4.095,0.048,0.000,0.000,3.898,0.912,0.043,0.043,0.000,0.099,0.071,0.000,0.000,
0.000,0.000,0.000,0.000,0.000,0.000,0.060,0.096,0.000,0.000,0.062,0.079,3.216,0.145,0.000,0.000,0.088,1.675,0.131,0.000,0.041,0.152,5.624,0.195,0.000,
0.062,0.079,3.216,0.145,0.000,0.000,0.088,1.675,0.131,0.000,0.041,0.152,5.624,0.195,0.000,0.000,0.113,0.671,0.076,0.000,0.000,0.000,0.000,0.000,0.000,
0.000,0.000,0.000,0.000,0.000,0.150,0.397,0.658,0.053,0.000,0.063,4.691,4.898,0.228,0.000,0.000,0.000,2.356,0.106,0.000,0.000,0.000,0.000,0.000,0.000,
0.000,0.000,0.000,0.000,0.000,0.150,0.397,0.658,0.053,0.000,0.063,4.691,4.898,0.228,0.000,0.000,0.000,2.356,0.106,0.000,0.000,0.000,0.000,0.000,0.000,
0.000,0.000,0.057,0.049,0.000,0.000,0.036,1.190,0.486,0.000,0.000,0.070,6.895,0.562,0.036,0.000,0.093,2.773,0.095,0.036,0.042,0.000,3.769,0.000,0.055,
0.000,0.000,0.057,0.049,0.000,0.000,0.036,1.190,0.486,0.000,0.000,0.070,6.895,0.562,0.036,0.000,0.093,2.773,0.095,0.036,0.042,0.000,3.769,0.000,0.055,
0.038,3.570,0.275,0.036,0.044,0.000,0.080,0.000,0.000,0.000,0.000,0.040,0.359,0.000,0.046,0.000,0.000,0.000,0.000,0.000,0.036,0.000,0.000,0.000,0.000,
0.000,0.038,0.000,0.000,0.000,0.000,0.119,0.111,0.172,0.067,0.069,0.165,11.959,1.583,0.038,0.000,0.038,3.570,0.275,0.036,0.000,0.000,0.080,0.000,0.000,
0.000,0.000,0.000,0.000,0.000,0.049,0.062,0.152,0.223,0.077,0.000,0.141,6.013,3.479,0.137,0.000,0.036,2.036,0.145,0.000,0.000,0.000,0.041,0.000,0.000,
0.000,0.000,0.000,0.000,0.000,0.049,0.062,0.152,0.223,0.077,0.000,0.141,6.013,3.479,0.137,0.000,0.036,2.036,0.145,0.000,0.000,0.000,0.041,0.000,0.000,
0.000,0.000,0.077,0.000,0.000,0.000,0.186,2.193,0.224,0.000,0.036,1.062,8.479,0.212,0.046,0.060,0.054,0.234,0.085,0.036,0.000,0.000,0.000,0.000,0.000,
0.000,0.000,0.077,0.000,0.000,0.000,0.186,2.193,0.224,0.000,0.036,1.062,8.479,0.212,0.046,0.060,0.054,0.234,0.085,0.036,0.000,0.000,0.000,0.000,0.000,
0.053,0.000,0.000,0.000,0.000,0.000,0.000,0.000,0.051,0.000,0.087,0.000,1.428,1.413,0.000,0.000,0.000,0.184,0.327,0.000,0.000,0.000,0.000,0.000,0.000,
0.000,0.000,0.000,0.000,0.000,0.000,0.045,0.000,0.000,0.000,0.000,0.081,3.153,0.165,0.000,0.000,0.000,2.035,0.079,0.000,0.000,0.000,0.053,0.000,0.000,
0.000,0.000,0.038,0.036,0.000,0.000,0.103,1.595,0.125,0.000,0.065,0.466,11.009,0.384,0.000,0.000,0.036,0.206,0.078,0.000,0.000,0.000,0.000,0.000,0.000,
0.000,0.000,0.038,0.036,0.000,0.000,0.103,1.595,0.125,0.000,0.065,0.466,11.009,0.384,0.000,0.000,0.036,0.206,0.078,0.000,0.000,0.000,0.000,0.000,0.000,
0.000,0.036,0.040,0.000,0.000,0.055,0.159,2.522,0.063,0.046,0.000,0.075,7.804,4.087,0.107,0.000,0.048,0.695,0.516,0.042,0.000,0.000,0.042,0.113,0.000,
0.000,0.036,0.040,0.000,0.000,0.055,0.159,2.522,0.063,0.046,0.000,0.075,7.804,4.087,0.107,0.000,0.048,0.695,0.516,0.042,0.000,0.000,0.042,0.113,0.000,
0.000,0.000,0.000,0.000,0.000,0.000,0.133,2.313,0.094,0.000,0.000,0.058,4.420,0.307,0.053,0.000,0.000,2.494,1.466,0.077,0.000,0.000,0.062,0.100,0.000,
0.000,0.000,0.000,0.000,0.000,0.000,0.133,2.313,0.094,0.000,0.000,0.058,4.420,0.307,0.053,0.000,0.000,2.494,1.466,0.077,0.000,0.000,0.062,0.100,0.000,
0.000,0.056,0.050,0.000,0.000,0.000,0.101,0.238,0.000,0.000,0.036,0.358,8.320,0.645,0.000,0.000,0.092,0.376,0.563,0.000,0.069,0.000,0.000,0.000,0.000,
0.000,0.056,0.050,0.000,0.000,0.000,0.101,0.238,0.000,0.000,0.036,0.358,8.320,0.645,0.000,0.000,0.092,0.376,0.563,0.000,0.069,0.000,0.000,0.000,0.000,
0.000,0.000,0.000,0.051,0.000,0.000,0.090,0.262,0.273,0.000,0.000,0.292,10.274,2.437,0.066,0.000,0.086,1.189,0.202,0.039,0.000,0.000,0.045,0.000,0.000,
0.000,0.000,0.000,0.051,0.000,0.000,0.090,0.262,0.273,0.000,0.000,0.292,10.274,2.437,0.066,0.000,0.086,1.189,0.202,0.039,0.000,0.000,0.045,0.000,0.000,
0.047,0.000,0.000,0.000,0.000,0.000,0.116,0.069,0.036,0.000,0.000,0.356,5.637,0.036,0.000,0.051,4.361,0.995,0.103,0.036,0.056,0.086,0.201,0.049,0.000,
0.047,0.000,0.000,0.000,0.000,0.000,0.116,0.069,0.036,0.000,0.000,0.356,5.637,0.036,0.000,0.051,4.361,0.995,0.103,0.036,0.056,0.086,0.201,0.049,0.000,
0.000,0.036,0.105,0.044,0.000,0.000,0.175,4.179,0.658,0.114,0.000,0.209,10.160,0.399,0.000,0.000,0.000,0.114,0.112,0.038,0.000,0.068,0.774,0.000,0.000,
0.000,0.036,0.105,0.044,0.000,0.000,0.175,4.179,0.658,0.114,0.000,0.209,10.160,0.399,0.000,0.000,0.000,0.114,0.112,0.038,0.000,0.068,0.774,0.000,0.000,
0.000,0.000,0.000,0.000,0.000,0.000,0.000,0.163,0.153,0.040,0.000,0.000,5.865,5.307,0.000,0.051,0.040,0.574,3.771,0.087,0.000,0.000,0.000,0.068,0.000,
0.000,0.000,0.000,0.000,0.000,0.000,0.000,0.163,0.153,0.040,0.000,0.000,5.865,5.307,0.000,0.051,0.040,0.574,3.771,0.087,0.000,0.000,0.000,0.068,0.000,
0.000,0.073,0.000,0.000,0.000,0.000,0.088,0.148,0.036,0.000,0.000,0.490,7.190,0.085,0.000,0.000,0.000,0.197,0.047,0.000,0.000,0.000,0.000,0.000,0.000,
0.000,0.000,0.000,0.000,0.000,0.000,0.036,1.468,0.066,0.000,0.000,0.081,1.507,0.064,0.000,0.000,0.000,0.073,0.000,0.000,0.000,0.000,0.088,0.148,0.036,
0.000,0.000,0.000,0.000,0.000,0.000,0.074,0.204,0.194,0.000,0.000,0.000,5.661,4.325,0.080,0.036,0.000,0.196,0.812,0.814,0.000,0.000,0.000,0.038,0.133,
0.000,0.000,0.000,0.000,0.000,0.000,0.074,0.204,0.194,0.000,0.000,0.000,5.661,4.325,0.080,0.036,0.000,0.196,0.812,0.814,0.000,0.000,0.000,0.038,0.133,
0.000,0.000,0.000,0.538,0.327,0.000,0.000,0.000,0.054,0.042,0.000,0.000,0.924,0.825,0.000,0.000,0.000,0.195,0.384,0.042,0.000,0.000,0.000,0.000,0.000,
0.000,0.000,0.000,0.054,0.035,0.000,0.067,0.331,0.370,0.000,0.000,0.153,13.356,2.352,0.107,0.000,0.000,0.538,0.327,0.044,0.000,0.000,0.054,0.042,0.000,
0.000,0.000,0.068,0.055,0.000,0.000,0.100,4.226,0.226,0.000,0.000,0.117,7.079,1.959,0.145,0.000,0.058,0.053,0.171,0.000,0.000,0.000,0.000,0.000,0.000,
0.000,0.000,0.068,0.055,0.000,0.000,0.100,4.226,0.226,0.000,0.000,0.117,7.079,1.959,0.145,0.000,0.058,0.053,0.171,0.000,0.000,0.000,0.000,0.000,0.000,
0.000,0.042,0.000,0.000,0.000,0.000,0.153,0.185,0.068,0.000,0.085,4.265,7.495,0.102,0.000,0.038,0.100,0.193,0.142,0.000,0.000,0.049,0.000,0.044,0.000,
0.000,0.036,0.000,0.000,0.000,0.000,0.000,0.000,0.000,0.000,0.000,0.000,0.572,0.045,0.000,0.000,0.000,0.057,0.000,0.000,0.000,0.000,0.000,0.000,0.000,
0.000,0.046,0.243,1.230,0.135,0.000,0.050,1.649,2.402,0.137,0.000,0.046,5.714,1.575,0.000,0.000,0.000,0.000,0.036,0.000,0.000,0.000,0.000,0.050,0.000,
0.000,0.046,0.243,1.230,0.135,0.000,0.050,1.649,2.402,0.137,0.000,0.046,5.714,1.575,0.000,0.000,0.000,0.000,0.036,0.000,0.000,0.000,0.000,0.050,0.000,
0.000,0.073,0.042,0.000,0.000,0.056,0.058,0.121,0.056,0.000,0.000,0.000,8.419,1.407,0.000,0.000,0.040,0.252,0.204,0.000,0.000,0.048,0.000,0.089,0.000,
0.000,0.000,0.000,0.000,0.000,0.000,0.040,0.902,0.061,0.000,0.000,0.189,4.017,0.300,0.000,0.000,0.000,0.073,0.042,0.000,0.000,0.056,0.058,0.121,0.056,
0.000,0.000,0.000,0.000,0.000,0.058,0.049,0.096,0.043,0.000,0.000,1.859,9.100,0.193,0.000,0.070,0.180,0.586,0.085,0.000,0.000,0.000,0.000,0.000,0.000,
0.000,0.000,0.000,0.000,0.000,0.058,0.049,0.096,0.043,0.000,0.000,1.859,9.100,0.193,0.000,0.070,0.180,0.586,0.085,0.000,0.000,0.000,0.000,0.000,0.000,
