0.000,0.053,0.142,0.119,0.040,0.000,0.241,9.777,0.448,0.000,0.000,0.316,10.734,0.331,0.000,0.000,0.090,0.264,0.119,0.000,0.000,0.000,0.000,0.000,0.000,
0.000,0.053,0.142,0.119,0.040,0.000,0.241,9.777,0.448,0.000,0.000,0.316,10.734,0.331,0.000,0.000,0.090,0.264,0.119,0.000,0.000,0.000,0.000,0.000,0.000,
0.000,0.000,0.051,0.000,0.000,0.000,0.049,0.245,0.272,0.000,0.000,0.120,15.255,1.158,0.063,0.000,0.091,2.439,1.961,0.000,0.000,0.000,0.000,0.000,0.000,
0.000,0.000,0.051,0.000,0.000,0.000,0.049,0.245,0.272,0.000,0.000,0.120,15.255,1.158,0.063,0.000,0.091,2.439,1.961,0.000,0.000,0.000,0.000,0.000,0.000,
0.000,0.000,0.000,0.000,0.062,0.069,0.182,0.497,0.244,0.000,0.043,0.593,22.819,1.154,0.143,0.000,0.173,0.646,0.109,0.049,0.036,0.000,0.000,0.083,0.000,
0.000,0.000,0.000,0.000,0.062,0.069,0.182,0.497,0.244,0.000,0.043,0.593,22.819,1.154,0.143,0.000,0.173,0.646,0.109,0.049,0.036,0.000,0.000,0.083,0.000,
0.000,0.048,0.107,0.000,0.000,0.000,0.293,0.888,0.415,0.063,0.046,0.689,24.546,1.018,0.096,0.000,0.084,0.342,0.149,0.000,0.000,0.000,0.000,0.048,0.000,
0.000,0.048,0.107,0.000,0.000,0.000,0.293,0.888,0.415,0.063,0.046,0.689,24.546,1.018,0.096,0.000,0.084,0.342,0.149,0.000,0.000,0.000,0.000,0.048,0.000,
0.227,0.000,0.000,0.000,0.000,0.161,0.000,0.101,0.000,0.000,0.092,0.374,1.961,0.056,0.000,0.000,0.000,0.000,0.043,0.000,0.000,0.000,0.000,0.000,0.000,
0.000,0.000,0.000,0.000,0.000,0.000,0.109,0.090,0.058,0.000,0.000,0.204,11.817,0.227,0.000,0.000,0.223,3.792,0.161,0.000,0.000,0.077,0.128,0.092,0.374,
0.000,0.000,0.000,0.042,0.000,0.000,0.000,0.094,0.044,0.000,0.036,0.557,9.568,0.155,0.000,0.041,0.454,9.102,0.223,0.051,0.036,0.180,0.191,0.077,0.000,
0.000,0.000,0.000,0.042,0.000,0.000,0.000,0.094,0.044,0.000,0.036,0.557,9.568,0.155,0.000,0.041,0.454,9.102,0.223,0.051,0.036,0.180,0.191,0.077,0.000,
0.000,0.000,0.000,0.000,0.000,0.000,0.042,0.128,0.090,0.048,0.000,0.342,19.236,0.491,0.040,0.069,0.193,3.399,0.881,0.000,0.000,0.044,0.253,0.215,0.000,
0.000,0.000,0.000,0.000,0.000,0.000,0.042,0.128,0.090,0.048,0.000,0.342,19.236,0.491,0.040,0.069,0.193,3.399,0.881,0.000,0.000,0.044,0.253,0.215,0.000,
0.000,0.000,0.109,0.043,0.000,0.000,0.088,0.079,0.098,0.000,0.054,0.240,9.475,0.223,0.064,0.043,0.139,0.978,0.075,0.000,0.000,0.000,0.000,0.000,0.000,
0.000,0.000,0.000,0.000,0.053,0.000,0.071,0.463,0.208,0.000,0.000,0.099,7.343,0.539,0.000,0.000,0.000,0.109,0.043,0.000,0.000,0.088,0.079,0.098,0.000,
0.000,0.000,0.039,0.000,0.000,0.060,0.838,2.716,0.141,0.000,0.070,1.946,16.150,0.245,0.000,0.036,0.491,2.610,0.190,0.036,0.000,0.000,0.073,0.000,0.000,
0.000,0.000,0.039,0.000,0.000,0.060,0.838,2.716,0.141,0.000,0.070,1.946,16.150,0.245,0.000,0.036,0.491,2.610,0.190,0.036,0.000,0.000,0.073,0.000,0.000,
0.038,0.000,0.059,0.000,0.000,0.035,0.198,1.046,0.190,0.000,0.000,0.541,26.469,0.507,0.073,0.037,0.181,0.483,0.206,0.096,0.071,0.000,0.042,0.000,0.040,
0.000,0.000,0.000,0.000,0.000,0.000,0.000,0.000,0.000,0.000,0.000,0.000,0.585,0.156,0.038,0.000,0.000,0.000,0.000,0.000,0.000,0.038,0.000,0.059,0.000,
0.000,0.000,0.044,0.000,0.044,0.000,0.054,0.096,0.121,0.218,0.036,0.233,5.363,0.892,17.740,0.000,0.000,0.296,0.229,1.012,0.000,0.000,0.000,0.088,0.059,
0.044,0.000,0.044,0.042,0.059,0.096,0.121,0.218,0.249,0.000,5.363,0.892,17.740,0.443,0.059,0.296,0.229,1.012,0.185,0.050,0.000,0.088,0.059,0.042,0.000,
0.071,0.124,0.263,0.000,0.000,0.060,4.618,1.269,0.079,0.000,0.096,5.456,7.652,0.117,0.000,0.069,1.524,0.189,0.097,0.000,0.000,0.000,0.041,0.000,0.000,
0.071,0.124,0.263,0.000,0.000,0.060,4.618,1.269,0.079,0.000,0.096,5.456,7.652,0.117,0.000,0.069,1.524,0.189,0.097,0.000,0.000,0.000,0.041,0.000,0.000,
0.000,0.000,0.000,0.154,10.487,0.072,0.000,0.085,0.000,0.085,0.000,0.210,2.251,0.000,0.073,0.000,0.047,0.043,0.000,0.000,0.000,0.000,0.000,0.000,0.000,
0.000,0.062,0.077,0.045,0.000,0.000,0.041,0.909,1.093,0.107,0.000,0.154,10.487,4.202,0.113,0.085,0.000,0.085,0.145,0.000,2.251,0.000,0.073,0.041,0.000,
0.036,0.177,0.304,0.065,0.000,0.054,2.345,6.307,0.363,0.000,0.038,1.011,9.322,0.211,0.000,0.000,0.000,0.171,0.034,0.000,0.000,0.000,0.000,0.000,0.000,
0.036,0.177,0.304,0.065,0.000,0.054,2.345,6.307,0.363,0.000,0.038,1.011,9.322,0.211,0.000,0.000,0.000,0.171,0.034,0.000,0.000,0.000,0.000,0.000,0.000,
0.000,0.000,0.000,0.000,0.000,0.049,0.260,0.544,0.068,0.000,0.080,8.493,12.649,0.205,0.000,0.000,0.887,1.911,0.155,0.045,0.000,0.000,0.000,0.055,0.000,
0.000,0.000,0.000,0.000,0.000,0.049,0.260,0.544,0.068,0.000,0.080,8.493,12.649,0.205,0.000,0.000,0.887,1.911,0.155,0.045,0.000,0.000,0.000,0.055,0.000,
0.000,0.140,2.256,0.244,0.044,0.000,0.133,0.203,0.150,0.000,0.000,0.182,8.743,0.354,0.000,0.000,0.187,2.545,0.384,0.089,0.000,0.118,0.051,0.000,0.000,
0.000,0.000,0.000,0.000,0.000,0.000,0.000,0.051,0.038,0.000,0.045,0.187,9.253,0.198,0.053,0.000,0.140,2.256,0.244,0.044,0.000,0.133,0.203,0.150,0.000,
0.042,0.071,0.059,0.000,0.000,0.174,0.263,0.507,0.275,0.000,1.111,3.591,16.104,0.544,0.036,0.000,0.157,0.220,0.157,0.040,0.000,0.000,0.000,0.000,0.050,
0.042,0.071,0.059,0.000,0.000,0.174,0.263,0.507,0.275,0.000,1.111,3.591,16.104,0.544,0.036,0.000,0.157,0.220,0.157,0.040,0.000,0.000,0.000,0.000,0.050,
0.049,0.234,0.904,0.051,0.000,0.000,0.322,0.352,0.068,0.000,0.049,4.160,7.392,0.095,0.000,0.000,0.074,0.257,0.000,0.000,0.000,0.000,0.000,0.000,0.000,
0.000,0.000,0.000,0.000,0.000,0.040,0.070,0.193,0.000,0.000,0.045,4.331,7.229,0.100,0.000,0.049,0.234,0.904,0.051,0.000,0.000,0.322,0.352,0.068,0.000,
0.000,0.038,0.000,0.000,0.000,0.000,0.036,0.077,0.000,0.000,2.554,0.220,11.819,1.154,0.306,0.215,0.161,1.009,0.585,0.141,0.000,0.000,0.000,0.000,0.000,
0.000,0.038,0.000,0.000,0.000,0.000,0.036,0.077,0.000,0.000,2.554,0.220,11.819,1.154,0.306,0.215,0.161,1.009,0.585,0.141,0.000,0.000,0.000,0.000,0.000,
0.055,4.720,0.583,0.000,0.000,0.000,0.238,0.225,0.057,0.000,0.096,2.096,2.098,0.040,0.079,0.051,0.000,0.083,0.000,0.000,0.000,0.000,0.000,0.000,0.000,
0.000,0.000,0.000,0.000,0.000,0.000,0.038,0.156,0.144,0.000,0.051,0.192,12.543,2.242,0.161,0.000,0.055,4.720,0.583,0.000,0.000,0.000,0.238,0.225,0.057,
0.000,0.077,0.150,0.000,0.000,0.120,0.311,6.429,0.491,0.036,0.000,0.519,12.420,0.247,0.073,0.000,0.064,0.052,0.000,0.000,0.000,0.000,0.038,0.000,0.000,
0.000,0.077,0.150,0.000,0.000,0.120,0.311,6.429,0.491,0.036,0.000,0.519,12.420,0.247,0.073,0.000,0.064,0.052,0.000,0.000,0.000,0.000,0.038,0.000,0.000,
0.000,0.333,0.227,0.067,0.000,0.000,2.745,7.568,0.175,0.000,0.040,0.873,10.172,0.107,0.046,0.000,0.052,0.197,0.115,0.000,0.000,0.000,0.057,0.000,0.000,
0.000,0.000,0.000,0.000,0.000,0.000,0.000,0.000,0.000,0.000,0.000,0.048,5.076,0.450,0.000,0.061,0.000,0.333,0.227,0.067,0.000,0.000,2.745,7.568,0.175,
0.000,0.046,0.084,0.160,0.000,0.000,0.065,1.538,1.536,0.000,0.000,0.000,2.778,0.717,0.000,0.000,0.000,0.000,0.057,0.000,0.000,0.000,0.000,0.000,0.000,
0.000,0.036,0.000,0.000,0.000,0.000,0.099,0.149,0.094,0.000,0.101,1.997,9.666,0.233,0.000,0.000,5.087,2.944,0.162,0.000,0.046,0.084,0.160,0.000,0.000,
0.042,0.000,3.265,0.850,0.000,0.000,0.133,0.183,0.078,0.074,0.081,5.166,7.800,0.107,0.073,0.036,0.317,0.707,0.079,0.000,0.000,0.000,0.047,0.000,0.000,
0.000,0.000,0.000,0.000,0.000,0.000,0.000,0.205,0.169,0.000,0.042,0.000,3.265,0.850,0.000,0.000,0.133,0.183,0.078,0.074,0.081,5.166,7.800,0.107,0.073,
0.000,0.066,0.200,0.060,0.000,0.000,2.957,0.823,0.085,0.000,0.000,1.028,11.087,0.079,0.000,0.000,0.000,0.043,0.069,0.000,0.000,0.000,0.000,0.000,0.000,
0.000,0.066,0.200,0.060,0.000,0.000,2.957,0.823,0.085,0.000,0.000,1.028,11.087,0.079,0.000,0.000,0.000,0.043,0.069,0.000,0.000,0.000,0.000,0.000,0.000,
0.042,0.137,0.344,0.050,0.000,0.000,0.085,0.074,0.036,0.046,0.000,0.426,3.572,0.107,0.073,0.000,0.057,0.000,0.000,0.000,0.000,0.000,0.000,0.000,0.000,
0.000,0.000,0.000,0.000,0.000,0.000,0.119,0.541,0.058,0.000,0.000,0.637,14.817,0.402,0.000,0.042,0.137,0.344,0.050,0.000,0.000,0.085,0.074,0.036,0.046,
0.000,0.000,0.103,0.068,0.049,0.074,0.000,0.156,0.097,0.000,0.000,0.000,0.807,0.093,0.000,0.000,0.000,0.000,0.000,0.000,0.000,0.000,0.000,0.000,0.000,
0.000,0.061,0.090,0.071,0.036,0.000,0.355,3.026,0.801,0.067,0.000,0.316,22.371,0.525,0.091,0.000,0.000,0.103,0.068,0.049,0.074,0.000,0.156,0.097,0.000,
0.047,0.000,0.000,0.000,0.000,0.000,0.138,1.103,0.384,0.053,0.000,1.126,21.154,0.723,0.062,0.000,0.174,0.361,0.181,0.000,0.000,0.000,0.000,0.040,0.000,
0.047,0.000,0.000,0.000,0.000,0.000,0.138,1.103,0.384,0.053,0.000,1.126,21.154,0.723,0.062,0.000,0.174,0.361,0.181,0.000,0.000,0.000,0.000,0.040,0.000,
0.000,0.049,1.383,6.880,0.713,0.000,0.152,1.963,2.449,0.222,0.000,0.085,6.506,0.431,0.049,0.000,0.000,0.040,0.068,0.000,0.000,0.000,0.000,0.000,0.000,
0.000,0.000,0.000,0.000,0.000,0.038,0.154,0.156,0.063,0.000,0.049,1.383,6.880,0.713,0.051,0.152,1.963,2.449,0.222,0.038,0.085,6.506,0.431,0.049,0.000,
0.066,0.074,0.144,0.125,0.000,0.000,0.215,3.250,0.680,0.000,0.000,0.217,16.370,0.429,0.049,0.000,0.763,2.230,0.102,0.060,0.000,0.000,0.130,0.000,0.000,
0.066,0.074,0.144,0.125,0.000,0.000,0.215,3.250,0.680,0.000,0.000,0.217,16.370,0.429,0.049,0.000,0.763,2.230,0.102,0.060,0.000,0.000,0.130,0.000,0.000,
0.000,0.038,0.000,0.000,0.000,0.073,5.419,0.950,0.070,0.000,0.113,2.027,6.723,0.282,0.000,0.000,0.659,4.874,0.124,0.000,0.000,0.036,0.105,0.000,0.000,
0.000,0.038,0.000,0.000,0.000,0.073,5.419,0.950,0.070,0.000,0.113,2.027,6.723,0.282,0.000,0.000,0.659,4.874,0.124,0.000,0.000,0.036,0.105,0.000,0.000,
0.000,0.000,0.000,0.000,0.000,0.000,0.138,0.138,0.119,0.000,0.051,1.432,12.222,0.211,0.055,0.038,0.841,11.661,0.322,0.038,0.000,0.157,0.716,0.061,0.000,
0.000,0.000,0.000,0.000,0.000,0.000,0.138,0.138,0.119,0.000,0.051,1.432,12.222,0.211,0.055,0.038,0.841,11.661,0.322,0.038,0.000,0.157,0.716,0.061,0.000,
0.000,0.000,0.000,0.048,0.000,0.000,0.088,0.284,0.412,0.084,0.046,0.109,11.744,6.808,0.128,0.000,0.074,2.481,3.978,0.165,0.000,0.000,0.059,0.000,0.000,
0.000,0.000,0.000,0.048,0.000,0.000,0.088,0.284,0.412,0.084,0.046,0.109,11.744,6.808,0.128,0.000,0.074,2.481,3.978,0.165,0.000,0.000,0.059,0.000,0.000,
0.000,0.072,0.093,0.000,0.000,0.105,6.674,4.948,0.298,0.082,0.082,5.986,7.486,0.275,0.000,0.035,0.136,0.301,0.127,0.000,0.054,0.071,0.000,0.000,0.000,
0.000,0.072,0.093,0.000,0.000,0.105,6.674,4.948,0.298,0.082,0.082,5.986,7.486,0.275,0.000,0.035,0.136,0.301,0.127,0.000,0.054,0.071,0.000,0.000,0.000,
0.000,0.070,0.000,0.058,0.000,0.000,0.038,0.542,0.427,0.000,0.000,0.050,12.475,6.211,0.131,0.000,0.070,0.490,1.522,0.129,0.000,0.000,0.000,0.066,0.000,
0.000,0.070,0.000,0.058,0.000,0.000,0.038,0.542,0.427,0.000,0.000,0.050,12.475,6.211,0.131,0.000,0.070,0.490,1.522,0.129,0.000,0.000,0.000,0.066,0.000,
0.000,0.072,0.038,0.000,0.000,0.000,0.000,0.409,0.171,0.075,0.041,0.067,12.242,1.056,0.000,0.154,0.330,9.133,0.545,0.049,0.000,0.045,0.257,0.113,0.000,
0.000,0.072,0.038,0.000,0.000,0.000,0.000,0.409,0.171,0.075,0.041,0.067,12.242,1.056,0.000,0.154,0.330,9.133,0.545,0.049,0.000,0.045,0.257,0.113,0.000,
0.000,0.000,0.110,0.115,0.000,0.000,0.295,8.961,0.772,0.000,0.000,0.272,11.117,1.290,0.045,0.000,0.000,0.091,0.072,0.000,0.000,0.041,0.000,0.000,0.000,
0.000,0.000,0.110,0.115,0.000,0.000,0.295,8.961,0.772,0.000,0.000,0.272,11.117,1.290,0.045,0.000,0.000,0.091,0.072,0.000,0.000,0.041,0.000,0.000,0.000,
0.360,0.100,0.409,0.140,0.000,5.795,1.756,3.325,2.123,0.085,0.167,2.940,5.457,0.125,0.078,0.000,0.108,0.106,0.046,0.000,0.000,0.059,0.000,0.000,0.000,
0.360,0.100,0.409,0.140,0.000,5.795,1.756,3.325,2.123,0.085,0.167,2.940,5.457,0.125,0.078,0.000,0.108,0.106,0.046,0.000,0.000,0.059,0.000,0.000,0.000,
0.000,0.083,3.192,12.800,0.278,0.000,0.036,0.431,1.012,0.135,0.000,0.049,4.779,1.602,0.069,0.000,0.000,0.000,0.052,0.000,0.000,0.000,0.000,0.000,0.000,
0.000,0.000,0.000,0.000,0.000,0.000,0.111,0.115,0.036,0.000,0.083,3.192,12.800,0.278,0.000,0.036,0.431,1.012,0.135,0.000,0.049,4.779,1.602,0.069,0.000,
0.000,0.000,0.000,0.000,0.000,0.038,0.065,0.406,0.069,0.048,0.000,0.595,22.933,0.350,0.061,0.057,0.675,2.952,0.296,0.000,0.042,0.146,0.230,0.065,0.063,
0.000,0.000,0.000,0.000,0.000,0.038,0.065,0.406,0.069,0.048,0.000,0.595,22.933,0.350,0.061,0.057,0.675,2.952,0.296,0.000,0.042,0.146,0.230,0.065,0.063,
0.048,0.000,0.144,0.038,0.000,0.000,0.334,8.580,0.764,0.000,0.000,0.323,17.160,0.960,0.134,0.000,0.000,0.265,0.111,0.057,0.000,0.000,0.000,0.000,0.000,
0.048,0.000,0.144,0.038,0.000,0.000,0.334,8.580,0.764,0.000,0.000,0.323,17.160,0.960,0.134,0.000,0.000,0.265,0.111,0.057,0.000,0.000,0.000,0.000,0.000,
0.000,0.000,0.000,0.000,0.000,0.000,0.040,0.052,0.117,0.000,0.000,0.131,12.244,0.549,0.076,0.041,0.079,2.469,0.630,0.036,0.000,0.000,0.000,0.000,0.000,
0.000,0.000,0.000,0.000,0.000,0.000,0.040,0.052,0.117,0.000,0.000,0.131,12.244,0.549,0.076,0.041,0.079,2.469,0.630,0.036,0.000,0.000,0.000,0.000,0.000,
0.000,0.000,0.000,0.045,0.000,0.000,0.087,0.415,0.697,0.000,0.000,0.237,18.871,2.024,0.122,0.000,0.049,1.363,0.183,0.000,0.000,0.064,0.047,0.079,0.000,
0.000,0.000,0.000,0.045,0.000,0.000,0.087,0.415,0.697,0.000,0.000,0.237,18.871,2.024,0.122,0.000,0.049,1.363,0.183,0.000,0.000,0.064,0.047,0.079,0.000,
0.000,0.000,0.066,0.038,0.000,0.000,0.166,9.786,0.693,0.000,0.060,0.248,11.723,0.839,0.000,0.000,0.070,0.275,0.175,0.000,0.000,0.000,0.000,0.060,0.000,
0.000,0.000,0.066,0.038,0.000,0.000,0.166,9.786,0.693,0.000,0.060,0.248,11.723,0.839,0.000,0.000,0.070,0.275,0.175,0.000,0.000,0.000,0.000,0.060,0.000,
0.000,0.072,0.063,0.000,0.000,0.000,0.454,5.799,0.250,0.000,0.063,1.045,20.251,0.330,0.000,0.000,0.149,0.170,0.187,0.000,0.055,0.061,0.000,0.000,0.000,
0.000,0.072,0.063,0.000,0.000,0.000,0.454,5.799,0.250,0.000,0.063,1.045,20.251,0.330,0.000,0.000,0.149,0.170,0.187,0.000,0.055,0.061,0.000,0.000,0.000,
0.000,0.209,8.879,0.269,0.000,0.000,0.182,1.202,0.291,0.000,0.000,0.299,9.598,0.317,0.000,0.055,0.049,0.058,0.000,0.000,0.000,0.000,0.000,0.000,0.000,
0.000,0.000,0.000,0.000,0.000,0.038,0.060,0.121,0.111,0.043,0.000,0.209,8.879,0.269,0.000,0.000,0.182,1.202,0.291,0.000,0.000,0.299,9.598,0.317,0.000,
0.000,0.000,0.000,0.000,0.000,0.000,0.000,0.000,0.000,0.000,0.000,0.000,1.198,0.000,0.000,0.000,0.000,0.044,0.040,0.000,0.000,0.000,0.000,0.000,0.000,
0.000,0.040,0.000,0.000,0.000,0.000,0.000,0.288,0.682,0.105,0.000,0.084,13.357,11.322,0.254,0.000,0.000,0.433,0.307,0.000,0.000,0.000,0.061,0.000,0.000,
0.000,0.038,0.000,0.000,0.000,0.000,0.062,0.084,0.090,0.000,0.000,0.135,6.800,0.210,0.000,0.000,0.147,1.025,0.281,0.072,0.000,0.342,13.251,0.283,0.000,
0.000,0.135,6.800,0.210,0.000,0.000,0.147,1.025,0.281,0.072,0.000,0.342,13.251,0.283,0.000,0.000,0.117,0.366,0.064,0.000,0.000,0.000,0.034,0.000,0.000,
0.000,0.000,0.000,0.000,0.000,0.044,0.099,0.389,0.325,0.083,0.000,0.183,17.888,3.278,0.081,0.042,0.091,1.247,0.864,0.083,0.000,0.000,0.153,0.089,0.000,
0.000,0.000,0.000,0.000,0.000,0.044,0.099,0.389,0.325,0.083,0.000,0.183,17.888,3.278,0.081,0.042,0.091,1.247,0.864,0.083,0.000,0.000,0.153,0.089,0.000,
0.000,0.000,0.036,0.000,0.000,0.042,0.092,5.056,0.378,0.000,0.000,0.119,7.289,4.161,0.145,0.062,0.073,0.621,1.471,0.116,0.000,0.000,0.000,0.036,0.000,
0.000,0.000,0.036,0.000,0.000,0.042,0.092,5.056,0.378,0.000,0.000,0.119,7.289,4.161,0.145,0.062,0.073,0.621,1.471,0.116,0.000,0.000,0.000,0.036,0.000,
0.077,0.810,2.630,0.111,0.000,0.048,0.609,6.745,0.258,0.000,0.090,0.640,17.131,0.344,0.048,0.000,0.153,0.132,0.057,0.044,0.000,0.000,0.000,0.048,0.040,
0.077,0.810,2.630,0.111,0.000,0.048,0.609,6.745,0.258,0.000,0.090,0.640,17.131,0.344,0.048,0.000,0.153,0.132,0.057,0.044,0.000,0.000,0.000,0.048,0.040,
0.036,0.070,0.117,0.117,0.070,0.000,0.043,0.079,0.045,0.000,0.000,0.000,4.373,0.431,0.043,0.000,0.094,0.098,0.045,0.000,0.000,0.000,0.000,0.000,0.000,
0.000,0.000,0.085,0.112,0.000,0.000,0.083,1.266,2.614,0.204,0.000,0.070,9.183,6.779,0.272,0.036,0.070,0.117,0.117,0.070,0.000,0.043,0.079,0.045,0.000,
0.000,0.051,0.309,0.249,0.075,0.000,0.086,0.111,0.193,0.000,0.000,0.092,7.075,5.531,0.084,0.000,0.000,0.188,0.452,0.000,0.000,0.000,0.053,0.000,0.000,
0.000,0.000,0.000,0.000,0.000,0.000,0.000,0.248,0.163,0.000,0.000,0.105,9.388,1.459,0.077,0.000,0.051,0.309,0.249,0.075,0.000,0.086,0.111,0.193,0.000,
0.000,0.000,0.048,0.000,0.000,0.082,0.183,0.235,0.185,0.000,0.000,0.384,19.289,1.321,0.051,0.000,0.181,2.171,0.361,0.070,0.000,0.000,0.000,0.000,0.000,
0.000,0.000,0.048,0.000,0.000,0.082,0.183,0.235,0.185,0.000,0.000,0.384,19.289,1.321,0.051,0.000,0.181,2.171,0.361,0.070,0.000,0.000,0.000,0.000,0.000,
0.088,0.860,1.027,0.036,0.000,3.333,0.771,2.174,0.215,0.000,4.938,1.480,6.686,0.332,0.054,0.000,0.062,0.121,0.000,0.060,0.000,0.000,0.058,0.042,0.000,
0.000,0.000,0.000,0.000,0.000,0.000,0.000,0.000,0.095,0.000,0.000,0.073,7.402,1.545,0.101,0.000,0.088,0.860,1.027,0.036,0.038,3.333,0.771,2.174,0.215,
0.042,3.541,0.615,0.000,0.000,0.000,0.072,0.291,0.000,0.000,0.081,2.722,4.317,0.050,0.000,0.000,2.249,1.285,0.000,0.000,0.000,0.040,0.000,0.000,0.000,
0.000,0.000,0.049,0.060,0.000,0.000,0.000,0.399,0.802,0.000,0.000,0.042,3.541,0.615,0.000,0.000,0.000,0.072,0.291,0.000,0.000,0.081,2.722,4.317,0.050,
0.078,11.402,5.804,0.178,0.066,0.089,0.196,0.604,0.070,0.000,0.000,0.000,3.127,0.115,0.000,0.000,0.000,0.000,0.000,0.000,0.000,0.000,0.000,0.000,0.000,
0.059,0.000,0.102,0.076,0.000,0.000,0.000,0.984,1.296,0.106,0.000,0.078,11.402,5.804,0.178,0.000,0.089,0.196,0.604,0.070,0.000,0.000,0.000,3.127,0.115,
0.000,0.000,0.000,0.049,0.000,0.047,0.060,5.298,1.003,0.062,0.000,0.189,14.540,1.049,0.064,0.000,0.149,0.613,0.321,0.036,0.000,0.000,0.000,0.038,0.000,
0.000,0.000,0.000,0.049,0.000,0.047,0.060,5.298,1.003,0.062,0.000,0.189,14.540,1.049,0.064,0.000,0.149,0.613,0.321,0.036,0.000,0.000,0.000,0.038,0.000,
0.000,0.000,0.128,0.256,0.058,0.000,0.000,0.051,0.000,0.036,0.000,0.000,1.782,0.116,0.000,0.000,0.000,0.785,0.053,0.000,0.000,0.000,0.000,0.000,0.000,
0.000,0.068,0.049,0.000,0.000,0.038,0.205,0.493,0.038,0.000,0.100,7.356,11.856,0.151,0.000,0.000,0.128,0.256,0.058,0.000,0.000,0.051,0.000,0.036,0.000,
0.000,0.072,0.042,0.000,0.000,0.000,0.240,9.720,0.314,0.042,0.000,0.305,14.926,0.545,0.051,0.000,0.065,0.272,0.179,0.000,0.000,0.061,0.059,0.055,0.000,
0.000,0.072,0.042,0.000,0.000,0.000,0.240,9.720,0.314,0.042,0.000,0.305,14.926,0.545,0.051,0.000,0.065,0.272,0.179,0.000,0.000,0.061,0.059,0.055,0.000,
0.000,0.000,0.040,0.067,0.000,0.080,0.319,5.540,0.199,0.000,0.126,0.910,21.224,0.658,0.000,0.000,0.240,0.232,0.117,0.050,0.000,0.090,0.067,0.000,0.000,
0.000,0.000,0.040,0.067,0.000,0.080,0.319,5.540,0.199,0.000,0.126,0.910,21.224,0.658,0.000,0.000,0.240,0.232,0.117,0.050,0.000,0.090,0.067,0.000,0.000,
0.000,0.000,0.077,0.000,0.000,0.000,0.098,0.263,0.323,0.051,0.000,0.088,11.449,8.121,0.101,0.040,0.123,0.323,0.282,0.057,0.000,0.000,0.000,0.045,0.000,
0.000,0.000,0.077,0.000,0.000,0.000,0.098,0.263,0.323,0.051,0.000,0.088,11.449,8.121,0.101,0.040,0.123,0.323,0.282,0.057,0.000,0.000,0.000,0.045,0.000,
0.000,0.000,0.000,0.000,0.000,0.000,0.072,0.218,0.098,0.000,0.000,0.335,14.512,0.768,0.061,0.000,0.171,0.842,0.348,0.046,0.087,0.125,11.273,0.420,0.000,
0.000,0.335,14.512,0.768,0.061,0.000,0.171,0.842,0.348,0.046,0.087,0.125,11.273,0.420,0.000,0.000,0.107,0.324,0.143,0.000,0.000,0.074,0.000,0.000,0.000,
0.000,0.201,0.356,0.078,0.054,0.039,0.186,0.330,0.071,0.000,0.000,0.360,14.638,0.580,0.000,0.000,0.137,0.230,0.099,0.041,0.000,0.000,0.000,0.000,0.000,
0.000,0.000,0.000,0.000,0.000,0.000,0.040,0.046,0.000,0.000,0.000,0.151,5.080,0.092,0.000,0.000,0.201,0.356,0.078,0.054,0.039,0.186,0.330,0.071,0.000,
0.000,0.000,0.000,0.000,0.000,0.000,0.057,0.000,0.038,0.000,0.000,3.560,8.975,0.111,0.000,0.047,2.417,2.425,0.174,0.036,0.043,0.386,1.738,0.055,0.000,
0.000,0.000,0.000,0.000,0.000,0.000,0.057,0.000,0.038,0.000,0.000,3.560,8.975,0.111,0.000,0.047,2.417,2.425,0.174,0.036,0.043,0.386,1.738,0.055,0.000,
0.000,0.000,0.090,0.000,0.000,0.000,0.000,0.120,0.247,0.000,0.040,0.075,10.079,6.271,0.221,0.044,0.188,1.831,7.457,0.284,0.000,0.060,0.179,0.248,0.114,
0.000,0.000,0.090,0.000,0.000,0.000,0.000,0.120,0.247,0.000,0.040,0.075,10.079,6.271,0.221,0.044,0.188,1.831,7.457,0.284,0.000,0.060,0.179,0.248,0.114,
0.000,0.000,0.000,0.000,0.000,0.000,0.000,0.038,0.058,0.000,0.000,0.079,3.899,0.786,0.050,0.000,0.046,2.344,2.171,0.103,0.000,0.038,0.087,0.066,0.000,
0.000,0.046,2.344,2.171,0.103,0.000,0.038,0.087,0.066,0.000,0.040,0.137,8.254,1.015,0.000,0.000,0.000,0.332,0.302,0.050,0.000,0.000,0.000,0.000,0.000,
0.000,0.000,0.103,0.150,0.075,0.000,0.000,0.421,1.648,0.079,0.000,0.000,5.234,3.385,0.079,0.000,0.000,0.148,0.122,0.000,0.000,0.000,0.036,0.000,0.000,
0.000,0.000,0.062,0.000,0.000,0.000,0.102,0.109,0.000,0.000,0.000,0.478,7.375,0.079,0.000,0.000,0.103,0.150,0.075,0.000,0.000,0.421,1.648,0.079,0.039,
0.000,0.000,0.000,0.000,0.000,0.000,0.086,0.307,0.101,0.000,0.050,2.166,11.432,0.424,0.040,0.096,5.278,10.637,0.220,0.052,0.040,0.100,0.324,0.050,0.000,
0.000,0.000,0.000,0.000,0.000,0.000,0.086,0.307,0.101,0.000,0.050,2.166,11.432,0.424,0.040,0.096,5.278,10.637,0.220,0.052,0.040,0.100,0.324,0.050,0.000,
0.000,0.000,0.060,0.000,0.000,0.000,0.077,0.563,0.119,0.058,0.000,0.266,15.138,0.733,0.066,0.000,0.000,6.269,0.753,0.056,0.000,0.042,0.161,0.064,0.000,
0.000,0.000,0.060,0.000,0.000,0.000,0.077,0.563,0.119,0.058,0.000,0.266,15.138,0.733,0.066,0.000,0.000,6.269,0.753,0.056,0.000,0.042,0.161,0.064,0.000,
0.000,0.049,1.373,7.947,0.000,0.000,0.000,0.394,0.426,0.040,0.000,0.049,8.054,4.051,0.000,0.000,0.000,0.041,0.190,0.116,0.000,0.000,0.000,0.000,0.000,
0.000,0.000,0.036,0.000,0.000,0.038,0.109,0.220,0.087,0.000,0.049,1.373,7.947,0.000,0.062,0.000,0.394,0.426,0.040,0.000,0.049,8.054,4.051,0.000,0.000,
0.000,0.311,0.279,0.000,0.000,0.122,5.873,2.807,0.155,0.048,0.000,0.468,7.113,0.078,0.000,0.000,0.044,0.070,0.000,0.000,0.000,0.000,0.000,0.000,0.000,
0.000,0.311,0.279,0.000,0.000,0.122,5.873,2.807,0.155,0.048,0.000,0.468,7.113,0.078,0.000,0.000,0.044,0.070,0.000,0.000,0.000,0.000,0.000,0.000,0.000,
0.000,0.036,0.245,0.195,0.000,0.062,0.439,9.287,0.742,0.072,0.087,0.210,15.522,0.774,0.042,0.000,0.000,0.117,0.040,0.000,0.000,0.000,0.000,0.000,0.000,
0.000,0.036,0.245,0.195,0.000,0.062,0.439,9.287,0.742,0.072,0.087,0.210,15.522,0.774,0.042,0.000,0.000,0.117,0.040,0.000,0.000,0.000,0.000,0.000,0.000,
0.000,0.818,0.161,0.053,0.051,0.000,2.000,0.307,0.100,0.000,0.000,0.630,18.467,0.367,0.000,0.000,0.715,4.044,0.418,0.000,0.000,0.051,0.133,0.129,0.000,
0.000,0.818,0.161,0.053,0.051,0.000,2.000,0.307,0.100,0.000,0.000,0.630,18.467,0.367,0.000,0.000,0.715,4.044,0.418,0.000,0.000,0.051,0.133,0.129,0.000,
0.000,0.000,0.000,0.000,0.079,0.000,0.116,0.219,0.041,0.043,0.000,0.489,9.746,0.399,0.000,0.071,2.497,4.726,0.218,0.066,0.000,0.056,0.000,0.000,0.000,
0.000,0.000,0.000,0.000,0.079,0.000,0.116,0.219,0.041,0.043,0.000,0.489,9.746,0.399,0.000,0.071,2.497,4.726,0.218,0.066,0.000,0.056,0.000,0.000,0.000,
0.084,0.418,20.065,0.593,0.000,0.000,0.236,0.635,0.165,0.065,0.000,0.106,4.349,0.057,0.000,0.000,0.000,0.074,0.000,0.000,0.000,0.000,0.000,0.000,0.000,
0.000,0.000,0.042,0.000,0.000,0.000,0.189,0.347,0.128,0.000,0.084,0.418,20.065,0.593,0.000,0.000,0.236,0.635,0.165,0.065,0.000,0.106,4.349,0.057,0.000,
0.000,0.000,0.000,0.000,0.000,0.000,0.096,0.233,0.000,0.000,0.000,1.032,7.852,0.191,0.000,0.000,0.684,6.750,0.112,0.036,0.000,0.118,0.223,0.056,0.000,
0.000,0.000,0.000,0.000,0.000,0.000,0.096,0.233,0.000,0.000,0.000,1.032,7.852,0.191,0.000,0.000,0.684,6.750,0.112,0.036,0.000,0.118,0.223,0.056,0.000,
0.000,0.000,0.000,0.000,0.000,0.000,0.038,0.052,0.073,0.000,0.000,0.082,4.063,1.119,0.078,0.038,0.044,1.185,0.292,0.082,0.000,0.000,0.364,1.891,0.235,
0.044,1.185,0.292,0.082,0.000,0.000,0.364,1.891,0.235,0.000,0.063,1.563,14.787,0.217,0.000,0.000,0.059,0.156,0.070,0.040,0.000,0.000,0.000,0.000,0.000,
0.000,0.067,0.000,0.000,0.000,0.042,0.183,0.871,0.198,0.000,0.056,0.505,16.302,0.443,0.038,0.000,0.077,0.272,0.169,0.000,0.036,0.205,5.003,0.137,0.000,
0.056,0.505,16.302,0.443,0.038,0.000,0.077,0.272,0.169,0.000,0.036,0.205,5.003,0.137,0.000,0.046,0.119,0.368,0.046,0.000,0.000,0.000,0.064,0.000,0.000,
0.000,0.286,7.501,0.386,0.079,0.000,0.199,0.806,0.139,0.000,0.000,0.507,13.494,0.441,0.107,0.000,0.142,0.155,0.000,0.051,0.000,0.000,0.000,0.000,0.000,
0.000,0.000,0.045,0.000,0.000,0.077,0.087,1.409,0.143,0.047,0.000,0.286,7.501,0.386,0.079,0.000,0.199,0.806,0.139,0.000,0.000,0.507,13.494,0.441,0.107,
0.000,0.054,0.000,0.036,0.000,0.000,0.217,1.158,0.094,0.000,0.000,0.396,16.621,0.407,0.114,0.000,0.092,0.227,0.122,0.000,0.000,0.053,0.000,0.000,0.000,
0.000,0.054,0.000,0.036,0.000,0.000,0.217,1.158,0.094,0.000,0.000,0.396,16.621,0.407,0.114,0.000,0.092,0.227,0.122,0.000,0.000,0.053,0.000,0.000,0.000,
0.000,0.000,0.000,0.047,0.000,0.051,0.000,0.103,0.250,0.000,0.000,0.183,14.191,2.209,0.162,0.000,0.277,2.978,0.486,0.038,0.000,0.124,2.933,0.133,0.051,
0.000,0.000,0.000,0.047,0.000,0.051,0.000,0.103,0.250,0.000,0.000,0.183,14.191,2.209,0.162,0.000,0.277,2.978,0.486,0.038,0.000,0.124,2.933,0.133,0.051,
0.000,0.000,0.000,0.000,0.000,0.000,0.165,0.103,0.000,0.000,0.000,7.311,8.063,0.257,0.036,0.088,4.135,3.110,0.107,0.000,0.000,0.056,0.163,0.039,0.000,
0.000,0.000,0.000,0.000,0.000,0.000,0.165,0.103,0.000,0.000,0.000,7.311,8.063,0.257,0.036,0.088,4.135,3.110,0.107,0.000,0.000,0.056,0.163,0.039,0.000,
0.000,0.036,0.162,0.137,0.000,0.000,0.100,6.812,1.697,0.141,0.000,0.036,8.275,2.742,0.079,0.000,0.068,0.124,0.263,0.000,0.036,0.000,0.000,0.036,0.000,
0.000,0.036,0.162,0.137,0.000,0.000,0.100,6.812,1.697,0.141,0.000,0.036,8.275,2.742,0.079,0.000,0.068,0.124,0.263,0.000,0.036,0.000,0.000,0.036,0.000,
0.000,0.055,0.000,0.000,0.000,0.000,0.082,0.311,0.227,0.048,0.076,0.362,17.944,1.493,0.122,0.048,0.305,11.242,0.450,0.000,0.061,0.069,0.166,0.063,0.000,
0.000,0.055,0.000,0.000,0.000,0.000,0.082,0.311,0.227,0.048,0.076,0.362,17.944,1.493,0.122,0.048,0.305,11.242,0.450,0.000,0.061,0.069,0.166,0.063,0.000,
0.000,0.395,4.889,0.191,0.000,0.075,0.955,4.777,0.144,0.000,0.098,5.233,6.963,0.109,0.038,0.062,0.139,0.133,0.000,0.000,0.000,0.000,0.000,0.000,0.000,
0.000,0.000,0.000,0.000,0.000,0.000,0.047,0.107,0.049,0.000,0.000,0.395,4.889,0.191,0.000,0.075,0.955,4.777,0.144,0.000,0.098,5.233,6.963,0.109,0.038,
0.000,0.101,0.127,0.038,0.000,0.101,5.853,5.131,0.081,0.000,0.039,1.443,7.376,0.143,0.036,0.000,0.135,0.543,0.097,0.000,0.000,0.000,0.000,0.000,0.000,
0.000,0.101,0.127,0.038,0.000,0.101,5.853,5.131,0.081,0.000,0.039,1.443,7.376,0.143,0.036,0.000,0.135,0.543,0.097,0.000,0.000,0.000,0.000,0.000,0.000,
0.000,0.000,0.000,0.000,0.048,0.000,0.000,1.444,0.648,0.067,0.038,0.376,22.447,1.212,0.000,0.000,0.328,1.615,0.402,0.086,0.000,0.000,0.036,0.061,0.046,
0.000,0.000,0.000,0.000,0.048,0.000,0.000,1.444,0.648,0.067,0.038,0.376,22.447,1.212,0.000,0.000,0.328,1.615,0.402,0.086,0.000,0.000,0.036,0.061,0.046,
0.036,0.049,0.055,0.066,0.000,0.000,0.140,1.269,0.275,0.000,0.038,5.384,19.063,0.378,0.062,0.036,0.569,1.023,0.148,0.053,0.000,0.040,0.047,0.045,0.000,
0.036,0.049,0.055,0.066,0.000,0.000,0.140,1.269,0.275,0.000,0.038,5.384,19.063,0.378,0.062,0.036,0.569,1.023,0.148,0.053,0.000,0.040,0.047,0.045,0.000,
0.000,0.000,0.852,0.580,0.053,0.000,0.066,7.065,0.939,0.060,0.000,0.077,7.970,4.081,0.109,0.000,0.000,0.117,0.166,0.000,0.000,0.000,0.000,0.000,0.041,
0.000,0.000,0.852,0.580,0.053,0.000,0.066,7.065,0.939,0.060,0.000,0.077,7.970,4.081,0.109,0.000,0.000,0.117,0.166,0.000,0.000,0.000,0.000,0.000,0.041,
0.165,6.341,0.212,0.000,0.000,0.000,0.261,0.996,0.171,0.036,0.043,0.402,9.192,0.118,0.043,0.000,0.000,0.000,0.000,0.000,0.000,0.000,0.000,0.071,0.000,
0.000,0.000,0.070,0.000,0.000,0.039,0.187,2.521,0.182,0.054,0.049,0.165,6.341,0.212,0.000,0.000,0.000,0.261,0.996,0.171,0.000,0.043,0.402,9.192,0.118,
0.000,0.000,0.042,0.000,0.000,0.000,0.064,0.291,0.300,0.094,0.044,0.111,9.675,2.340,0.042,0.000,0.039,6.639,2.990,0.000,0.000,0.039,0.000,0.137,0.036,
0.000,0.000,0.042,0.000,0.000,0.000,0.064,0.291,0.300,0.094,0.044,0.111,9.675,2.340,0.042,0.000,0.039,6.639,2.990,0.000,0.000,0.039,0.000,0.137,0.036,
0.000,0.000,0.000,0.038,0.062,0.000,0.056,0.437,0.186,0.000,0.000,0.126,9.061,5.253,0.090,0.000,0.058,0.871,1.122,0.000,0.000,0.000,0.084,0.051,0.000,
0.000,0.000,0.000,0.038,0.062,0.000,0.056,0.437,0.186,0.000,0.000,0.126,9.061,5.253,0.090,0.000,0.058,0.871,1.122,0.000,0.000,0.000,0.084,0.051,0.000,
0.000,0.000,0.000,0.000,0.000,0.000,0.000,0.000,0.121,0.000,0.000,0.111,6.556,0.836,0.077,0.000,0.094,2.238,0.841,0.092,0.000,0.053,9.187,2.360,0.079,
0.000,0.111,6.556,0.836,0.077,0.000,0.094,2.238,0.841,0.092,0.000,0.053,9.187,2.360,0.079,0.000,0.000,0.092,0.047,0.000,0.000,0.000,0.045,0.000,0.000,
0.000,0.217,0.245,0.000,0.000,0.062,0.575,8.285,0.175,0.000,0.000,0.250,11.744,0.098,0.060,0.000,0.060,0.113,0.043,0.000,0.000,0.000,0.000,0.000,0.000,
0.000,0.217,0.245,0.000,0.000,0.062,0.575,8.285,0.175,0.000,0.000,0.250,11.744,0.098,0.060,0.000,0.060,0.113,0.043,0.000,0.000,0.000,0.000,0.000,0.000,
0.000,0.000,0.056,0.000,0.000,0.000,0.126,0.103,0.201,0.088,0.000,0.146,9.888,1.311,0.090,0.000,0.056,3.897,4.418,0.099,0.049,0.000,0.118,0.096,0.047,
0.000,0.000,0.056,0.000,0.000,0.000,0.126,0.103,0.201,0.088,0.000,0.146,9.888,1.311,0.090,0.000,0.056,3.897,4.418,0.099,0.049,0.000,0.118,0.096,0.047,
0.000,0.149,11.678,1.387,0.000,0.000,0.103,0.541,0.295,0.077,0.000,0.092,8.658,0.890,0.041,0.000,0.079,0.064,0.042,0.000,0.000,0.000,0.000,0.000,0.000,
0.000,0.000,0.000,0.000,0.000,0.000,0.000,0.412,0.120,0.062,0.000,0.149,11.678,1.387,0.000,0.000,0.103,0.541,0.295,0.077,0.000,0.092,8.658,0.890,0.041,
0.000,0.135,0.000,0.000,0.000,0.000,0.107,0.274,0.000,0.000,0.000,0.130,1.878,0.038,0.000,0.000,0.000,0.000,0.000,0.000,0.000,0.000,0.000,0.000,0.000,
0.000,0.111,0.149,0.000,0.000,0.038,0.754,3.713,0.230,0.000,0.102,1.061,13.827,0.266,0.000,0.000,0.135,0.000,0.000,0.000,0.000,0.107,0.274,0.000,0.000,
0.064,7.198,0.594,0.000,0.000,0.115,1.717,1.594,0.066,0.000,0.062,6.095,9.779,0.094,0.000,0.061,0.150,0.174,0.049,0.000,0.000,0.000,0.000,0.070,0.000,
0.000,0.000,0.041,0.036,0.000,0.000,0.000,0.070,0.000,0.087,0.000,0.064,7.198,0.594,0.000,0.000,0.115,1.717,1.594,0.066,0.047,0.062,6.095,9.779,0.094,
0.000,0.000,2.385,3.185,0.000,0.000,0.000,0.896,5.124,0.092,0.000,0.066,9.083,1.607,0.079,0.000,0.036,0.725,0.669,0.101,0.000,0.000,0.073,0.066,0.000,
0.000,0.000,2.385,3.185,0.000,0.000,0.000,0.896,5.124,0.092,0.000,0.066,9.083,1.607,0.079,0.000,0.036,0.725,0.669,0.101,0.000,0.000,0.073,0.066,0.000,
0.000,0.000,0.047,0.055,0.000,0.000,0.089,4.097,4.037,0.045,0.000,0.125,10.773,2.790,0.192,0.000,0.091,1.593,1.420,0.103,0.000,0.040,0.048,0.061,0.000,
0.000,0.000,0.047,0.055,0.000,0.000,0.089,4.097,4.037,0.045,0.000,0.125,10.773,2.790,0.192,0.000,0.091,1.593,1.420,0.103,0.000,0.040,0.048,0.061,0.000,
0.000,0.000,0.000,0.000,0.000,0.000,0.135,0.268,0.054,0.000,0.079,5.850,12.328,0.186,0.000,0.158,0.429,1.050,0.113,0.049,0.000,0.000,0.000,0.000,0.000,
0.000,0.000,0.000,0.000,0.000,0.000,0.135,0.268,0.054,0.000,0.079,5.850,12.328,0.186,0.000,0.158,0.429,1.050,0.113,0.049,0.000,0.000,0.000,0.000,0.000,
0.000,0.071,6.283,4.178,0.105,0.041,0.094,0.414,0.657,0.058,0.041,0.068,10.266,1.877,0.079,0.000,0.062,0.154,0.107,0.000,0.000,0.000,0.000,0.000,0.000,
0.000,0.038,0.000,0.045,0.000,0.000,0.041,0.183,0.198,0.000,0.000,0.071,6.283,4.178,0.105,0.041,0.094,0.414,0.657,0.058,0.041,0.068,10.266,1.877,0.079,
0.000,0.000,0.000,0.000,0.000,0.000,0.115,0.273,0.096,0.045,0.000,0.369,23.017,0.843,0.137,0.000,0.295,1.144,0.603,0.000,0.000,0.000,0.071,0.068,0.000,
0.000,0.000,0.000,0.000,0.000,0.000,0.115,0.273,0.096,0.045,0.000,0.369,23.017,0.843,0.137,0.000,0.295,1.144,0.603,0.000,0.000,0.000,0.071,0.068,0.000,
0.000,0.049,0.000,0.062,0.000,0.000,0.208,7.387,0.452,0.100,0.060,0.240,11.622,1.183,0.094,0.000,0.126,0.045,0.109,0.000,0.000,0.000,0.000,0.000,0.000,
0.000,0.049,0.000,0.062,0.000,0.000,0.208,7.387,0.452,0.100,0.060,0.240,11.622,1.183,0.094,0.000,0.126,0.045,0.109,0.000,0.000,0.000,0.000,0.000,0.000,
0.000,0.000,0.000,0.000,0.000,0.000,0.052,0.159,0.000,0.058,0.000,0.196,6.634,0.353,0.044,0.000,0.081,0.465,0.238,0.034,0.044,0.183,12.188,0.908,0.081,
0.000,0.196,6.634,0.353,0.044,0.000,0.081,0.465,0.238,0.034,0.044,0.183,12.188,0.908,0.081,0.000,0.090,0.263,0.167,0.000,0.000,0.000,0.042,0.000,0.000,
0.039,0.045,0.000,0.000,0.000,0.043,0.236,3.089,0.165,0.000,0.049,0.351,14.468,0.548,0.000,0.000,0.165,0.621,0.214,0.000,0.000,0.000,0.100,0.000,0.000,
0.039,0.045,0.000,0.000,0.000,0.043,0.236,3.089,0.165,0.000,0.049,0.351,14.468,0.548,0.000,0.000,0.165,0.621,0.214,0.000,0.000,0.000,0.100,0.000,0.000,
0.000,0.000,0.000,0.000,0.000,0.000,0.064,0.109,0.041,0.000,0.056,2.160,6.055,0.086,0.000,0.064,0.395,2.700,0.301,0.000,0.000,0.295,8.453,0.151,0.000,
0.056,2.160,6.055,0.086,0.000,0.064,0.395,2.700,0.301,0.000,0.000,0.295,8.453,0.151,0.000,0.000,0.304,3.024,0.170,0.000,0.000,0.000,0.083,0.000,0.043,
0.000,0.000,0.036,0.053,0.000,0.000,0.133,2.449,5.300,0.652,0.000,0.202,10.136,1.955,0.335,0.000,0.076,0.129,0.229,0.064,0.000,0.045,0.000,0.000,0.000,
0.000,0.000,0.036,0.053,0.000,0.000,0.133,2.449,5.300,0.652,0.000,0.202,10.136,1.955,0.335,0.000,0.076,0.129,0.229,0.064,0.000,0.045,0.000,0.000,0.000,
0.000,0.036,0.000,0.038,0.000,0.000,0.561,1.233,0.087,0.000,0.000,1.305,19.119,0.801,0.000,0.000,0.119,0.439,0.189,0.045,0.000,0.000,0.000,0.040,0.000,
0.000,0.036,0.000,0.038,0.000,0.000,0.561,1.233,0.087,0.000,0.000,1.305,19.119,0.801,0.000,0.000,0.119,0.439,0.189,0.045,0.000,0.000,0.000,0.040,0.000,
0.000,0.000,0.157,0.040,0.000,0.000,0.054,1.468,0.781,0.098,0.000,0.155,15.663,6.598,0.290,0.000,0.040,1.346,0.930,0.097,0.000,0.038,0.000,0.038,0.000,
0.000,0.000,0.157,0.040,0.000,0.000,0.054,1.468,0.781,0.098,0.000,0.155,15.663,6.598,0.290,0.000,0.040,1.346,0.930,0.097,0.000,0.038,0.000,0.038,0.000,
0.000,0.000,0.036,0.000,0.042,0.000,0.172,0.225,0.000,0.042,0.000,5.495,9.961,0.000,0.000,0.000,2.865,1.286,0.091,0.000,0.000,0.000,0.043,0.038,0.000,
0.000,0.000,0.036,0.000,0.042,0.000,0.172,0.225,0.000,0.042,0.000,5.495,9.961,0.000,0.000,0.000,2.865,1.286,0.091,0.000,0.000,0.000,0.043,0.038,0.000,
0.000,0.000,0.000,0.000,0.069,0.000,0.000,0.089,0.000,0.000,0.000,0.189,12.142,0.526,0.083,0.000,0.342,8.837,0.646,0.048,0.000,0.251,1.765,0.265,0.062,
0.000,0.000,0.000,0.000,0.069,0.000,0.000,0.089,0.000,0.000,0.000,0.189,12.142,0.526,0.083,0.000,0.342,8.837,0.646,0.048,0.000,0.251,1.765,0.265,0.062,
0.000,0.000,0.000,0.000,0.000,0.000,0.050,0.145,0.000,0.000,0.034,3.649,3.682,0.000,0.000,0.000,0.409,0.505,0.052,0.000,0.038,0.119,0.141,0.066,0.000,
0.000,0.409,0.505,0.052,0.000,0.038,0.119,0.141,0.066,0.000,0.044,2.839,5.601,0.137,0.000,0.044,1.397,1.397,0.093,0.038,0.000,0.052,0.000,0.046,0.040,
0.000,0.000,0.000,0.061,0.000,0.101,0.393,0.355,0.092,0.000,0.000,7.282,10.043,0.091,0.000,0.000,0.312,1.801,0.194,0.000,0.000,0.000,0.268,0.076,0.036,
0.000,0.000,0.000,0.061,0.000,0.101,0.393,0.355,0.092,0.000,0.000,7.282,10.043,0.091,0.000,0.000,0.312,1.801,0.194,0.000,0.000,0.000,0.268,0.076,0.036,
0.000,0.000,0.053,0.038,0.000,0.000,0.070,0.481,0.496,0.040,0.000,0.206,13.947,5.076,0.158,0.000,0.120,0.772,0.669,0.088,0.000,0.000,0.080,0.105,0.000,
0.000,0.000,0.053,0.038,0.000,0.000,0.070,0.481,0.496,0.040,0.000,0.206,13.947,5.076,0.158,0.000,0.120,0.772,0.669,0.088,0.000,0.000,0.080,0.105,0.000,
0.000,0.000,0.000,0.000,0.000,0.036,3.190,3.144,0.057,0.062,0.000,1.297,8.711,0.236,0.098,0.072,0.479,5.654,0.287,0.000,0.000,0.000,0.092,0.109,0.057,
0.000,0.000,0.000,0.000,0.000,0.036,3.190,3.144,0.057,0.062,0.000,1.297,8.711,0.236,0.098,0.072,0.479,5.654,0.287,0.000,0.000,0.000,0.092,0.109,0.057,
0.000,0.046,0.573,1.183,0.143,0.000,0.087,0.315,0.392,0.101,0.000,0.000,2.557,0.444,0.000,0.000,0.000,0.000,0.000,0.000,0.040,0.000,0.000,0.000,0.000,
0.000,0.000,0.000,0.000,0.000,0.044,0.044,0.125,0.000,0.000,0.000,2.231,10.397,0.107,0.054,0.046,0.573,1.183,0.143,0.000,0.087,0.315,0.392,0.101,0.050,
0.000,0.000,0.000,0.000,0.000,0.000,0.038,0.076,0.051,0.000,0.000,0.456,18.824,0.622,0.036,0.053,0.258,1.428,0.392,0.000,0.000,0.068,0.074,0.130,0.000,
0.000,0.000,0.000,0.000,0.000,0.000,0.038,0.076,0.051,0.000,0.000,0.456,18.824,0.622,0.036,0.053,0.258,1.428,0.392,0.000,0.000,0.068,0.074,0.130,0.000,
0.051,0.000,0.055,0.000,0.000,0.000,0.151,0.138,0.038,0.043,0.038,1.532,17.068,0.311,0.070,0.053,0.566,8.314,0.347,0.119,0.000,0.106,0.093,0.129,0.000,
0.051,0.000,0.055,0.000,0.000,0.000,0.151,0.138,0.038,0.043,0.038,1.532,17.068,0.311,0.070,0.053,0.566,8.314,0.347,0.119,0.000,0.106,0.093,0.129,0.000,
0.042,0.198,4.293,0.500,0.038,0.000,0.072,4.632,0.673,0.079,0.000,0.064,7.371,3.075,0.099,0.000,0.000,0.076,0.149,0.000,0.000,0.000,0.000,0.000,0.000,
0.042,0.198,4.293,0.500,0.038,0.000,0.072,4.632,0.673,0.079,0.000,0.064,7.371,3.075,0.099,0.000,0.000,0.076,0.149,0.000,0.000,0.000,0.000,0.000,0.000,
0.000,0.000,0.000,0.000,0.000,0.000,0.054,0.217,0.080,0.034,0.064,1.313,17.298,0.647,0.000,0.000,0.163,1.167,0.430,0.049,0.000,0.041,0.054,0.039,0.000,
0.000,0.000,0.000,0.000,0.000,0.000,0.054,0.217,0.080,0.034,0.064,1.313,17.298,0.647,0.000,0.000,0.163,1.167,0.430,0.049,0.000,0.041,0.054,0.039,0.000,
0.000,0.036,0.083,0.135,0.047,0.058,0.277,3.349,0.757,0.087,0.085,0.296,17.975,1.379,0.000,0.000,0.142,0.307,0.148,0.047,0.000,0.000,0.056,0.000,0.041,
0.000,0.036,0.083,0.135,0.047,0.058,0.277,3.349,0.757,0.087,0.085,0.296,17.975,1.379,0.000,0.000,0.142,0.307,0.148,0.047,0.000,0.000,0.056,0.000,0.041,
0.000,0.000,0.044,0.000,0.000,0.044,0.000,0.417,0.501,0.000,0.000,0.049,6.568,0.887,0.000,0.000,0.059,0.045,0.074,0.000,0.000,0.000,0.000,0.072,0.000,
0.000,0.000,0.000,0.000,0.000,0.040,0.120,0.468,0.221,0.000,0.000,1.092,15.096,0.243,0.000,0.000,0.150,0.161,0.049,0.000,0.000,0.044,0.000,0.000,0.000,
0.000,0.176,0.245,0.092,0.000,0.000,1.525,3.020,0.115,0.000,0.000,0.432,10.144,0.643,0.070,0.000,0.282,4.343,0.280,0.000,0.000,0.046,0.083,0.000,0.034,
0.000,0.176,0.245,0.092,0.000,0.000,1.525,3.020,0.115,0.000,0.000,0.432,10.144,0.643,0.070,0.000,0.282,4.343,0.280,0.000,0.000,0.046,0.083,0.000,0.034,
0.000,0.087,0.080,0.133,0.000,0.036,0.275,4.190,1.107,0.040,0.042,0.355,18.376,0.793,0.080,0.000,0.078,0.186,0.049,0.053,0.040,0.000,0.000,0.000,0.000,
0.000,0.087,0.080,0.133,0.000,0.036,0.275,4.190,1.107,0.040,0.042,0.355,18.376,0.793,0.080,0.000,0.078,0.186,0.049,0.053,0.040,0.000,0.000,0.000,0.000,
0.000,0.135,0.113,0.000,0.000,0.169,5.783,1.931,0.199,0.000,0.140,1.257,15.992,0.272,0.000,0.049,0.206,0.265,0.104,0.000,0.000,0.000,0.000,0.000,0.000,
0.000,0.135,0.113,0.000,0.000,0.169,5.783,1.931,0.199,0.000,0.140,1.257,15.992,0.272,0.000,0.049,0.206,0.265,0.104,0.000,0.000,0.000,0.000,0.000,0.000,
0.000,0.052,0.000,0.000,0.000,0.000,0.000,0.040,0.000,0.066,0.000,0.226,10.627,0.870,0.125,0.147,2.420,3.329,1.262,2.205,0.052,1.926,0.173,0.155,0.382,
0.000,0.052,0.000,0.000,0.000,0.000,0.000,0.040,0.000,0.066,0.000,0.226,10.627,0.870,0.125,0.147,2.420,3.329,1.262,2.205,0.052,1.926,0.173,0.155,0.382,
0.000,0.036,0.000,0.000,0.000,0.000,0.083,0.250,0.036,0.000,0.000,0.257,17.476,0.653,0.000,0.000,0.173,0.663,0.328,0.000,0.062,0.105,0.000,0.066,0.000,
0.000,0.036,0.000,0.000,0.000,0.000,0.083,0.250,0.036,0.000,0.000,0.257,17.476,0.653,0.000,0.000,0.173,0.663,0.328,0.000,0.062,0.105,0.000,0.066,0.000,
0.000,0.000,0.000,0.000,0.000,0.000,0.082,0.154,0.195,0.043,0.000,0.207,13.016,0.900,0.075,0.000,0.083,0.428,0.081,0.000,0.000,0.066,0.982,0.099,0.051,
0.000,0.083,0.428,0.081,0.000,0.000,0.066,0.982,0.099,0.051,0.000,0.082,5.871,0.172,0.049,0.000,0.084,0.100,0.036,0.000,0.000,0.000,0.000,0.000,0.000,
0.000,0.086,0.184,0.178,0.080,0.000,0.080,1.491,2.591,0.073,0.000,0.174,12.293,3.467,0.246,0.000,0.048,3.843,0.380,0.000,0.000,0.000,0.038,0.046,0.000,
0.000,0.086,0.184,0.178,0.080,0.000,0.080,1.491,2.591,0.073,0.000,0.174,12.293,3.467,0.246,0.000,0.048,3.843,0.380,0.000,0.000,0.000,0.038,0.046,0.000,
0.042,0.072,0.038,0.106,0.000,0.047,0.715,2.155,0.290,0.000,0.000,0.342,20.853,0.380,0.062,0.074,0.072,0.180,0.140,0.000,0.000,0.053,1.902,0.179,0.062,
0.042,0.072,0.038,0.106,0.000,0.047,0.715,2.155,0.290,0.000,0.000,0.342,20.853,0.380,0.062,0.074,0.072,0.180,0.140,0.000,0.000,0.053,1.902,0.179,0.062,
0.000,0.055,0.000,0.000,0.000,0.000,0.000,0.155,0.078,0.000,0.000,0.785,1.358,0.074,0.000,0.000,0.000,0.000,0.000,0.000,0.000,0.000,0.000,0.000,0.000,
0.000,0.000,0.059,0.038,0.000,0.000,0.040,0.252,0.424,0.052,0.000,0.216,14.903,8.742,0.063,0.000,0.082,1.053,0.750,0.065,0.000,0.000,0.000,0.067,0.000,
0.000,0.000,0.086,0.060,0.000,0.000,0.221,2.600,0.214,0.041,0.049,0.345,12.543,0.521,0.000,0.000,0.169,5.154,0.750,0.096,0.000,0.000,0.090,0.054,0.000,
0.000,0.000,0.086,0.060,0.000,0.000,0.221,2.600,0.214,0.041,0.049,0.345,12.543,0.521,0.000,0.000,0.169,5.154,0.750,0.096,0.000,0.000,0.090,0.054,0.000,
0.000,0.000,0.086,0.444,0.000,0.000,0.000,0.285,0.243,0.063,0.000,0.315,17.081,1.571,0.040,0.000,0.150,0.718,0.271,0.104,0.000,0.000,0.077,0.000,0.000,
0.000,0.000,0.086,0.444,0.000,0.000,0.000,0.285,0.243,0.063,0.000,0.315,17.081,1.571,0.040,0.000,0.150,0.718,0.271,0.104,0.000,0.000,0.077,0.000,0.000,
0.000,0.066,0.047,0.083,0.000,1.006,1.243,3.523,0.261,0.000,4.198,2.025,12.371,0.797,0.098,0.087,0.121,0.121,0.076,0.042,0.036,0.068,0.000,0.000,0.000,
0.000,0.000,0.000,0.045,0.000,0.000,0.000,0.000,0.060,0.000,0.000,0.083,1.315,0.239,0.000,0.000,0.047,0.000,0.000,0.000,0.098,0.000,0.000,0.000,0.000,
0.000,0.000,0.148,0.061,0.000,0.000,0.568,3.969,0.316,0.076,0.000,0.522,20.833,0.672,0.000,0.036,0.184,0.504,0.084,0.040,0.000,0.000,0.000,0.036,0.038,
0.000,0.000,0.148,0.061,0.000,0.000,0.568,3.969,0.316,0.076,0.000,0.522,20.833,0.672,0.000,0.036,0.184,0.504,0.084,0.040,0.000,0.000,0.000,0.036,0.038,
0.000,0.330,2.031,0.089,0.000,0.049,0.000,0.201,0.106,0.053,0.000,0.199,14.251,0.600,0.045,0.000,0.072,1.291,0.259,0.059,0.000,0.000,0.053,0.000,0.000,
0.000,0.000,0.000,0.000,0.000,0.000,0.000,0.000,0.000,0.000,0.000,0.204,4.086,0.051,0.000,0.000,0.330,2.031,0.089,0.000,0.049,0.000,0.201,0.106,0.053,
0.000,0.081,10.482,1.198,0.000,0.000,0.133,0.522,0.413,0.096,0.000,0.142,9.847,0.692,0.087,0.000,0.000,0.227,0.066,0.000,0.000,0.000,0.000,0.000,0.000,
0.038,0.000,0.000,0.000,0.000,0.000,0.000,0.245,0.173,0.000,0.000,0.081,10.482,1.198,0.000,0.000,0.133,0.522,0.413,0.096,0.000,0.142,9.847,0.692,0.087,
0.000,0.060,0.041,0.036,0.000,0.047,0.823,0.698,0.101,0.000,0.079,4.612,14.470,0.156,0.045,0.092,0.275,0.350,0.045,0.045,0.000,0.000,0.000,0.036,0.000,
0.000,0.060,0.041,0.036,0.000,0.047,0.823,0.698,0.101,0.000,0.079,4.612,14.470,0.156,0.045,0.092,0.275,0.350,0.045,0.045,0.000,0.000,0.000,0.036,0.000,
0.066,0.092,1.823,0.215,0.042,0.000,0.109,5.404,0.346,0.000,0.000,0.391,11.831,0.129,0.000,0.000,0.254,0.356,0.079,0.000,0.000,0.000,0.048,0.000,0.000,
0.066,0.092,1.823,0.215,0.042,0.000,0.109,5.404,0.346,0.000,0.000,0.391,11.831,0.129,0.000,0.000,0.254,0.356,0.079,0.000,0.000,0.000,0.048,0.000,0.000,
0.000,0.000,0.071,0.000,0.000,0.000,0.116,1.111,3.052,0.272,0.000,0.039,9.440,7.387,0.723,0.000,0.043,0.105,0.161,0.120,0.000,0.000,0.000,0.000,0.000,
0.000,0.000,0.071,0.000,0.000,0.000,0.116,1.111,3.052,0.272,0.000,0.039,9.440,7.387,0.723,0.000,0.043,0.105,0.161,0.120,0.000,0.000,0.000,0.000,0.000,
0.000,0.000,0.000,0.000,0.000,0.000,0.000,0.397,0.212,0.000,0.000,0.095,2.553,0.261,0.000,0.050,0.284,0.599,0.279,0.061,0.065,0.916,24.202,0.595,0.000,
0.000,0.095,2.553,0.261,0.000,0.050,0.284,0.599,0.279,0.061,0.065,0.916,24.202,0.595,0.000,0.000,0.141,0.656,0.000,0.038,0.000,0.000,0.000,0.000,0.000,
0.055,0.000,0.130,0.115,0.052,0.044,0.167,11.579,1.771,0.073,0.046,0.733,15.509,1.040,0.044,0.000,0.119,0.273,0.158,0.048,0.000,0.062,0.040,0.000,0.000,
0.055,0.000,0.130,0.115,0.052,0.044,0.167,11.579,1.771,0.073,0.046,0.733,15.509,1.040,0.044,0.000,0.119,0.273,0.158,0.048,0.000,0.062,0.040,0.000,0.000,
0.114,0.000,0.000,0.040,0.000,0.000,1.268,0.154,0.107,0.000,0.075,0.723,22.769,0.593,0.071,0.069,0.302,3.149,0.514,0.055,0.000,0.000,0.173,0.098,0.000,
0.114,0.000,0.000,0.040,0.000,0.000,1.268,0.154,0.107,0.000,0.075,0.723,22.769,0.593,0.071,0.069,0.302,3.149,0.514,0.055,0.000,0.000,0.173,0.098,0.000,
0.000,0.091,6.217,3.866,0.100,0.000,0.151,0.681,0.725,0.119,0.064,0.197,11.052,0.659,1.955,0.000,0.101,0.422,0.141,0.000,0.036,0.000,0.000,0.000,0.000,
0.000,0.000,0.000,0.000,0.000,0.000,0.000,0.080,0.036,0.116,0.000,0.091,6.217,3.866,0.100,0.000,0.151,0.681,0.725,0.119,0.064,0.197,11.052,0.659,1.955,
0.000,0.000,0.113,0.000,0.000,0.000,0.000,0.266,0.093,0.095,0.000,0.073,8.822,1.432,0.127,0.000,0.046,0.174,0.137,0.000,0.000,0.000,0.000,0.000,0.000,
0.000,0.000,0.000,0.000,0.000,0.000,0.000,0.077,0.062,0.000,0.000,0.094,9.206,0.671,0.044,0.040,0.034,0.643,0.207,0.000,0.000,0.000,0.113,0.000,0.000,
0.000,0.000,0.232,0.000,0.000,0.000,0.128,0.455,0.177,0.081,0.108,0.191,15.492,1.137,0.000,0.106,0.153,0.390,0.197,0.059,0.000,0.000,0.000,0.000,0.000,
0.000,0.000,0.000,0.000,0.000,0.000,0.000,0.045,0.000,0.000,0.000,0.187,6.084,0.134,0.000,0.000,0.000,0.232,0.000,0.000,0.000,0.128,0.455,0.177,0.081,
0.000,0.000,0.258,2.379,0.072,0.000,0.000,0.085,0.252,0.112,0.000,0.000,6.433,6.323,2.430,0.047,0.064,0.869,0.704,0.248,0.000,0.000,0.057,0.093,0.000,
0.000,0.000,0.183,0.000,0.000,0.000,0.000,0.100,0.000,0.000,0.000,0.258,2.379,0.072,0.000,0.000,0.085,0.252,0.112,0.068,0.000,6.433,6.323,2.430,3.401,
0.062,0.284,0.479,0.102,0.000,0.047,0.687,9.152,0.488,0.047,0.040,0.310,13.904,0.289,0.038,0.000,0.070,0.111,0.079,0.000,0.000,0.000,0.000,0.000,0.000,
0.062,0.284,0.479,0.102,0.000,0.047,0.687,9.152,0.488,0.047,0.040,0.310,13.904,0.289,0.038,0.000,0.070,0.111,0.079,0.000,0.000,0.000,0.000,0.000,0.000,
0.000,0.000,0.039,0.049,0.000,0.000,0.141,0.160,0.047,0.000,0.036,0.809,17.978,0.265,0.000,0.047,0.563,3.329,0.350,0.000,0.000,0.092,0.083,0.000,0.000,
0.000,0.000,0.039,0.049,0.000,0.000,0.141,0.160,0.047,0.000,0.036,0.809,17.978,0.265,0.000,0.047,0.563,3.329,0.350,0.000,0.000,0.092,0.083,0.000,0.000,
0.000,0.066,0.070,0.080,0.000,0.000,0.729,2.741,0.107,0.000,0.000,4.337,7.689,0.318,0.000,0.056,0.185,4.776,0.179,0.000,0.000,0.000,0.000,0.053,0.000,
0.000,0.066,0.070,0.080,0.000,0.000,0.729,2.741,0.107,0.000,0.000,4.337,7.689,0.318,0.000,0.056,0.185,4.776,0.179,0.000,0.000,0.000,0.000,0.053,0.000,
0.000,0.000,0.036,0.000,0.062,0.000,0.183,0.665,0.177,0.000,0.000,0.377,18.177,0.561,0.000,0.000,0.077,2.338,0.220,0.000,0.000,0.036,0.056,0.000,0.000,
0.000,0.000,0.036,0.000,0.062,0.000,0.183,0.665,0.177,0.000,0.000,0.377,18.177,0.561,0.000,0.000,0.077,2.338,0.220,0.000,0.000,0.036,0.056,0.000,0.000,
0.000,0.000,0.044,0.000,0.000,0.000,0.000,0.000,0.000,0.000,0.000,0.000,1.895,0.038,0.000,0.000,0.000,0.000,0.000,0.000,0.000,0.000,0.000,0.000,0.000,
0.036,0.065,0.000,0.044,0.000,0.000,0.198,0.216,0.092,0.080,0.071,0.395,15.326,0.158,0.050,0.000,0.000,0.055,0.000,0.000,0.000,0.000,0.044,0.000,0.000,
0.071,0.000,0.160,0.143,0.000,0.055,0.036,0.627,0.198,0.053,0.000,0.064,9.091,0.441,0.060,0.000,0.000,0.054,0.043,0.000,0.000,0.000,0.000,0.000,0.000,
0.000,0.000,0.000,0.000,0.000,0.000,0.000,0.326,0.335,0.000,0.036,0.092,9.418,4.554,0.079,0.071,0.000,0.160,0.143,0.000,0.055,0.036,0.627,0.198,0.053,
0.000,0.034,0.097,0.000,0.000,0.059,0.485,1.498,0.258,0.091,0.000,0.323,7.835,0.236,0.034,0.000,0.056,0.056,0.097,0.000,0.000,0.000,0.000,0.000,0.000,
0.000,0.000,0.000,0.000,0.000,0.000,0.179,1.061,0.117,0.000,0.038,0.123,3.985,0.099,0.000,0.000,0.034,0.097,0.000,0.000,0.059,0.485,1.498,0.258,0.091,
0.041,0.000,1.593,0.445,0.000,0.000,0.000,1.240,2.323,0.127,0.045,0.197,8.629,1.246,0.094,0.000,0.109,3.055,3.592,0.163,0.000,0.000,0.041,0.120,0.000,
0.041,0.000,1.593,0.445,0.000,0.000,0.000,1.240,2.323,0.127,0.045,0.197,8.629,1.246,0.094,0.000,0.109,3.055,3.592,0.163,0.000,0.000,0.041,0.120,0.000,
0.000,0.000,0.079,0.135,0.000,0.000,0.045,0.337,5.896,0.099,0.000,0.105,6.332,6.096,0.150,0.000,0.000,0.133,0.330,0.000,0.000,0.000,0.000,0.055,0.000,
0.000,0.000,0.079,0.135,0.000,0.000,0.045,0.337,5.896,0.099,0.000,0.105,6.332,6.096,0.150,0.000,0.000,0.133,0.330,0.000,0.000,0.000,0.000,0.055,0.000,
0.000,0.040,0.046,0.063,0.000,0.000,0.070,0.604,0.194,0.066,0.000,0.699,16.256,0.389,0.000,0.000,0.154,3.739,0.218,0.000,0.038,0.082,2.244,0.072,0.000,
0.000,0.040,0.046,0.063,0.000,0.000,0.070,0.604,0.194,0.066,0.000,0.699,16.256,0.389,0.000,0.000,0.154,3.739,0.218,0.000,0.038,0.082,2.244,0.072,0.000,
0.000,0.000,0.000,0.000,0.000,0.000,0.049,0.141,0.038,0.000,0.000,0.484,16.369,0.484,0.036,0.000,0.177,1.240,0.141,0.000,0.000,0.090,0.000,0.045,0.000,
0.000,0.000,0.000,0.000,0.000,0.000,0.064,0.051,0.000,0.000,0.000,0.178,1.018,0.039,0.062,0.000,0.000,0.000,0.000,0.000,0.000,0.041,0.000,0.000,0.000,
0.000,0.045,0.041,0.049,0.054,0.000,0.405,10.074,0.274,0.064,0.000,0.178,11.133,0.874,0.000,0.000,0.115,0.245,0.113,0.000,0.000,0.000,0.000,0.000,0.000,
0.000,0.045,0.041,0.049,0.054,0.000,0.405,10.074,0.274,0.064,0.000,0.178,11.133,0.874,0.000,0.000,0.115,0.245,0.113,0.000,0.000,0.000,0.000,0.000,0.000,
0.000,0.000,0.000,0.038,0.000,0.000,0.088,0.248,0.000,0.000,0.000,0.872,14.719,0.414,0.036,0.062,0.376,9.786,0.263,0.045,0.043,0.038,0.087,0.085,0.000,
0.000,0.000,0.000,0.038,0.000,0.000,0.088,0.248,0.000,0.000,0.000,0.872,14.719,0.414,0.036,0.062,0.376,9.786,0.263,0.045,0.043,0.038,0.087,0.085,0.000,
0.000,0.000,0.056,0.000,0.000,0.114,7.232,0.610,0.126,0.000,0.103,5.225,7.526,0.075,0.081,0.097,0.399,1.336,0.041,0.000,0.000,0.041,0.000,0.000,0.000,
0.000,0.000,0.056,0.000,0.000,0.114,7.232,0.610,0.126,0.000,0.103,5.225,7.526,0.075,0.081,0.097,0.399,1.336,0.041,0.000,0.000,0.041,0.000,0.000,0.000,
0.065,0.086,0.117,0.054,0.069,0.144,0.961,1.807,0.398,0.107,0.294,9.027,18.269,0.351,0.000,0.086,0.124,0.260,0.052,0.000,0.000,0.042,0.000,0.000,0.000,
0.065,0.086,0.117,0.054,0.069,0.144,0.961,1.807,0.398,0.107,0.294,9.027,18.269,0.351,0.000,0.086,0.124,0.260,0.052,0.000,0.000,0.042,0.000,0.000,0.000,
0.040,3.836,1.853,0.000,0.000,0.098,0.171,0.127,0.117,0.000,0.042,0.418,10.200,0.245,0.000,0.000,0.158,2.437,0.188,0.000,0.000,0.058,0.045,0.064,0.000,
0.000,0.000,0.000,0.000,0.046,0.000,0.000,0.000,0.077,0.000,0.000,0.040,3.836,1.853,0.000,0.000,0.098,0.171,0.127,0.117,0.000,0.042,0.418,10.200,0.245,
0.000,0.000,0.000,0.000,0.000,0.041,0.000,0.049,0.077,0.000,0.000,0.457,15.192,0.450,0.000,0.036,0.425,8.084,0.751,0.000,0.000,0.086,0.141,0.094,0.000,
0.000,0.000,0.000,0.000,0.000,0.041,0.000,0.049,0.077,0.000,0.000,0.457,15.192,0.450,0.000,0.036,0.425,8.084,0.751,0.000,0.000,0.086,0.141,0.094,0.000,
0.000,0.053,0.125,0.038,0.000,0.000,0.134,0.849,0.242,0.000,0.000,0.342,22.086,1.619,0.108,0.036,0.087,3.539,0.349,0.043,0.000,0.036,0.000,0.000,0.045,
0.000,0.053,0.125,0.038,0.000,0.000,0.134,0.849,0.242,0.000,0.000,0.342,22.086,1.619,0.108,0.036,0.087,3.539,0.349,0.043,0.000,0.036,0.000,0.000,0.045,
0.049,1.256,0.000,0.000,0.000,0.000,1.270,0.286,0.042,0.000,0.000,1.906,12.214,0.123,0.000,0.080,0.344,0.749,0.215,0.000,0.000,0.076,0.000,0.000,0.000,
0.049,1.256,0.000,0.000,0.000,0.000,1.270,0.286,0.042,0.000,0.000,1.906,12.214,0.123,0.000,0.080,0.344,0.749,0.215,0.000,0.000,0.076,0.000,0.000,0.000,
0.000,0.000,2.163,1.521,0.047,0.000,0.000,0.248,0.582,0.057,0.038,0.221,16.929,1.043,0.204,0.000,0.131,1.461,0.394,0.000,0.000,0.000,0.000,0.129,0.065,
0.000,0.000,2.163,1.521,0.047,0.000,0.000,0.248,0.582,0.057,0.038,0.221,16.929,1.043,0.204,0.000,0.131,1.461,0.394,0.000,0.000,0.000,0.000,0.129,0.065,
0.000,0.000,0.000,0.000,0.073,0.000,0.097,0.268,0.075,0.000,0.000,0.302,16.322,0.927,0.054,0.000,0.125,1.905,0.336,0.040,0.000,0.064,0.000,0.048,0.000,
0.000,0.000,0.000,0.000,0.073,0.000,0.097,0.268,0.075,0.000,0.000,0.302,16.322,0.927,0.054,0.000,0.125,1.905,0.336,0.040,0.000,0.064,0.000,0.048,0.000,
0.000,0.000,0.190,0.536,0.177,0.000,0.000,0.000,0.000,0.000,0.000,0.000,0.845,0.112,0.000,0.000,0.000,0.565,0.047,0.000,0.000,0.000,0.000,0.000,0.000,
0.000,0.000,0.069,0.000,0.000,0.000,0.204,0.527,0.370,0.061,0.042,0.428,20.274,0.778,0.055,0.000,0.190,0.536,0.177,0.000,0.000,0.000,0.000,0.000,0.000,
0.000,0.060,0.085,0.130,0.038,0.000,0.036,1.014,2.447,0.143,0.000,0.058,11.474,7.102,0.173,0.000,0.000,0.169,0.184,0.000,0.000,0.000,0.000,0.000,0.000,
0.000,0.060,0.085,0.130,0.038,0.000,0.036,1.014,2.447,0.143,0.000,0.058,11.474,7.102,0.173,0.000,0.000,0.169,0.184,0.000,0.000,0.000,0.000,0.000,0.000,
0.000,0.000,0.109,0.000,0.000,0.062,0.157,8.015,0.184,0.082,0.000,0.259,10.179,0.788,0.000,0.000,0.088,1.157,0.287,0.000,0.000,0.000,0.000,0.049,0.000,
0.000,0.000,0.109,0.000,0.000,0.062,0.157,8.015,0.184,0.082,0.000,0.259,10.179,0.788,0.000,0.000,0.088,1.157,0.287,0.000,0.000,0.000,0.000,0.049,0.000,
0.038,0.000,0.043,0.053,0.000,0.000,0.158,1.024,1.217,0.060,0.000,0.260,19.906,1.813,0.135,0.000,0.056,0.275,0.146,0.000,0.000,0.000,0.000,0.000,0.000,
0.038,0.000,0.043,0.053,0.000,0.000,0.158,1.024,1.217,0.060,0.000,0.260,19.906,1.813,0.135,0.000,0.056,0.275,0.146,0.000,0.000,0.000,0.000,0.000,0.000,
0.000,0.000,0.000,0.000,0.000,0.166,2.367,1.701,0.111,0.000,0.071,6.274,10.698,0.140,0.000,0.067,0.098,0.161,0.052,0.000,0.000,0.000,0.000,0.038,0.000,
0.000,0.061,0.048,0.000,0.000,0.000,0.000,0.114,0.048,0.000,0.000,0.080,2.137,0.000,0.000,0.000,0.000,0.000,0.000,0.000,0.000,0.166,2.367,1.701,0.111,
0.000,0.608,0.507,0.043,0.000,0.000,8.473,1.109,0.134,0.000,0.000,0.341,8.939,0.039,0.000,0.000,0.058,0.105,0.000,0.000,0.000,0.000,0.000,0.000,0.000,
0.000,0.608,0.507,0.043,0.000,0.000,8.473,1.109,0.134,0.000,0.000,0.341,8.939,0.039,0.000,0.000,0.058,0.105,0.000,0.000,0.000,0.000,0.000,0.000,0.000,
0.042,0.179,0.215,0.000,0.000,0.109,5.156,2.822,0.115,0.000,0.086,7.196,7.845,0.103,0.049,0.036,0.128,0.362,0.045,0.000,0.000,0.000,0.000,0.000,0.000,
0.042,0.179,0.215,0.000,0.000,0.109,5.156,2.822,0.115,0.000,0.086,7.196,7.845,0.103,0.049,0.036,0.128,0.362,0.045,0.000,0.000,0.000,0.000,0.000,0.000,
0.000,0.000,0.000,0.000,0.000,0.048,0.114,0.349,0.065,0.000,0.065,0.543,20.970,0.505,0.097,0.177,0.339,1.163,0.324,0.000,0.055,0.118,0.057,0.038,0.000,
0.000,0.000,0.000,0.048,0.114,0.000,0.000,0.141,0.065,0.543,0.000,0.124,2.715,0.177,0.339,0.000,0.072,0.069,0.055,0.118,0.000,0.000,0.000,0.000,0.000,
0.056,0.043,0.083,0.000,0.000,0.000,0.187,0.206,0.081,0.000,0.000,2.532,18.278,0.231,0.000,0.128,0.487,3.030,0.119,0.000,0.000,0.057,0.128,0.000,0.000,
0.056,0.043,0.083,0.000,0.000,0.000,0.187,0.206,0.081,0.000,0.000,2.532,18.278,0.231,0.000,0.128,0.487,3.030,0.119,0.000,0.000,0.057,0.128,0.000,0.000,
0.000,0.000,0.049,0.129,0.000,0.000,0.096,7.024,4.816,0.077,0.000,0.081,7.232,3.682,0.111,0.000,0.055,0.235,0.149,0.045,0.000,0.000,0.000,0.000,0.000,
0.000,0.000,0.049,0.129,0.000,0.000,0.096,7.024,4.816,0.077,0.000,0.081,7.232,3.682,0.111,0.000,0.055,0.235,0.149,0.045,0.000,0.000,0.000,0.000,0.000,
0.000,0.174,11.856,0.244,0.000,0.000,0.110,1.930,0.626,0.000,0.000,0.183,6.447,0.383,0.000,0.000,0.089,0.000,0.000,0.000,0.000,0.000,0.000,0.043,0.000,
0.000,0.127,0.063,0.000,0.042,0.000,0.241,2.584,0.379,0.000,0.000,0.174,11.856,0.244,0.000,0.000,0.110,1.930,0.626,0.000,0.000,0.183,6.447,0.383,0.000,
0.000,0.074,0.097,0.076,0.000,0.000,0.137,2.491,0.500,0.000,0.000,0.078,7.470,0.245,0.055,0.000,0.038,0.059,0.000,0.000,0.000,0.000,0.000,0.000,0.000,
0.000,0.000,0.000,0.065,0.000,0.000,0.000,0.134,0.000,0.084,0.000,0.204,8.153,0.406,7.050,0.000,0.086,0.601,0.557,1.742,0.000,0.000,0.074,0.097,0.076,
0.000,0.047,0.053,0.000,0.000,0.000,0.053,0.227,0.106,0.000,0.045,0.501,18.161,0.569,0.060,0.038,0.226,2.951,0.348,0.000,0.000,0.000,0.000,0.045,0.000,
0.000,0.047,0.053,0.000,0.000,0.000,0.053,0.227,0.106,0.000,0.045,0.501,18.161,0.569,0.060,0.038,0.226,2.951,0.348,0.000,0.000,0.000,0.000,0.045,0.000,
0.000,0.060,0.058,0.000,0.000,0.000,0.143,1.730,0.256,0.075,0.034,0.294,12.641,0.528,0.066,0.000,0.092,3.411,0.517,0.092,0.050,0.000,0.151,0.139,0.000,
0.000,0.060,0.058,0.000,0.000,0.000,0.143,1.730,0.256,0.075,0.034,0.294,12.641,0.528,0.066,0.000,0.092,3.411,0.517,0.092,0.050,0.000,0.151,0.139,0.000,
0.000,0.000,0.000,0.000,0.000,0.000,0.000,0.249,0.393,0.072,0.000,0.097,9.813,5.828,0.245,0.000,0.000,8.984,2.904,0.104,0.000,0.038,0.137,0.169,0.040,
0.000,0.000,0.000,0.000,0.000,0.000,0.000,0.249,0.393,0.072,0.000,0.097,9.813,5.828,0.245,0.000,0.000,8.984,2.904,0.104,0.000,0.038,0.137,0.169,0.040,
0.000,0.000,0.199,0.074,0.000,0.000,0.080,3.212,0.776,0.093,0.000,0.228,17.964,1.561,0.051,0.000,0.000,0.252,0.297,0.000,0.000,0.000,0.000,0.000,0.000,
0.000,0.000,0.199,0.074,0.000,0.000,0.080,3.212,0.776,0.093,0.000,0.228,17.964,1.561,0.051,0.000,0.000,0.252,0.297,0.000,0.000,0.000,0.000,0.000,0.000,
0.036,0.078,0.215,0.069,0.000,0.072,2.873,3.965,0.112,0.000,0.042,0.900,6.209,0.200,0.048,0.000,0.000,0.164,0.000,0.000,0.000,0.000,0.000,0.000,0.000,
0.000,0.000,0.000,0.000,0.000,0.000,0.399,0.418,0.000,0.000,0.070,2.870,6.656,0.070,0.000,0.036,0.078,0.215,0.069,0.000,0.072,2.873,3.965,0.112,0.000,
0.057,6.839,2.947,0.139,0.040,0.000,0.220,2.223,0.154,0.051,0.000,0.171,5.948,0.046,0.000,0.000,0.000,0.000,0.000,0.000,0.000,0.000,0.000,0.000,0.000,
0.000,0.055,0.111,0.067,0.000,0.000,0.078,2.652,4.763,0.103,0.000,0.057,6.839,2.947,0.139,0.000,0.000,0.220,2.223,0.154,0.000,0.000,0.171,5.948,0.046,
0.000,0.000,0.000,0.000,0.000,0.000,0.000,0.062,0.000,0.000,0.000,0.105,11.169,0.464,0.045,0.000,0.149,1.940,0.414,0.000,0.000,0.142,5.903,0.480,0.047,
0.000,0.105,11.169,0.464,0.045,0.000,0.149,1.940,0.414,0.000,0.000,0.142,5.903,0.480,0.047,0.000,0.100,1.519,0.841,0.119,0.000,0.000,0.000,0.000,0.060,
0.000,0.100,0.000,0.057,0.000,0.000,2.252,2.396,0.208,0.000,0.108,1.219,21.043,0.649,0.042,0.000,0.076,0.669,0.188,0.000,0.000,0.000,0.070,0.072,0.000,
0.000,0.100,0.000,0.057,0.000,0.000,2.252,2.396,0.208,0.000,0.108,1.219,21.043,0.649,0.042,0.000,0.076,0.669,0.188,0.000,0.000,0.000,0.070,0.072,0.000,
0.000,0.000,0.036,0.000,0.000,0.000,0.149,0.235,0.099,0.061,0.074,0.430,18.314,0.909,0.148,0.000,0.175,2.989,2.626,0.082,0.000,0.000,0.042,0.049,0.000,
0.000,0.000,0.036,0.000,0.000,0.000,0.149,0.235,0.099,0.061,0.074,0.430,18.314,0.909,0.148,0.000,0.175,2.989,2.626,0.082,0.000,0.000,0.042,0.049,0.000,
0.000,0.094,2.755,0.167,0.000,0.077,0.071,5.636,0.749,0.068,0.051,0.138,9.645,2.282,0.045,0.040,0.098,0.208,0.132,0.000,0.000,0.000,0.064,0.000,0.000,
0.000,0.094,2.755,0.167,0.000,0.077,0.071,5.636,0.749,0.068,0.051,0.138,9.645,2.282,0.045,0.040,0.098,0.208,0.132,0.000,0.000,0.000,0.064,0.000,0.000,
0.000,0.152,7.936,0.383,0.066,0.041,0.184,4.362,0.334,0.000,0.111,0.829,9.313,0.122,0.051,0.000,0.094,0.194,0.077,0.000,0.000,0.000,0.000,0.000,0.000,
0.000,0.000,0.000,0.000,0.000,0.000,0.000,0.153,0.083,0.000,0.000,0.152,7.936,0.383,0.066,0.041,0.184,4.362,0.334,0.000,0.111,0.829,9.313,0.122,0.051,
0.000,0.126,4.235,0.045,0.000,0.000,0.077,0.119,0.000,0.000,0.047,0.324,13.164,0.125,0.000,0.061,0.220,0.902,0.150,0.000,0.000,0.049,0.000,0.000,0.000,
0.000,0.000,0.000,0.000,0.000,0.000,0.055,0.104,0.000,0.000,0.000,0.126,4.235,0.045,0.000,0.000,0.077,0.119,0.000,0.000,0.047,0.324,13.164,0.125,0.000,
0.053,0.123,2.253,0.291,0.068,0.000,0.436,10.930,0.585,0.047,0.045,0.240,11.015,0.695,0.040,0.000,0.000,0.151,0.072,0.000,0.000,0.000,0.000,0.000,0.000,
0.053,0.123,2.253,0.291,0.068,0.000,0.436,10.930,0.585,0.047,0.045,0.240,11.015,0.695,0.040,0.000,0.000,0.151,0.072,0.000,0.000,0.000,0.000,0.000,0.000,
0.000,0.000,0.000,0.000,0.000,0.000,0.000,0.097,0.077,0.000,0.000,0.056,9.820,4.342,0.146,0.000,0.058,1.069,7.849,0.212,0.000,0.053,0.194,0.183,0.041,
0.000,0.000,0.000,0.000,0.000,0.000,0.000,0.097,0.077,0.000,0.000,0.056,9.820,4.342,0.146,0.000,0.058,1.069,7.849,0.212,0.000,0.053,0.194,0.183,0.041,
0.000,0.415,5.979,0.170,0.046,0.046,6.764,2.227,0.118,0.038,0.065,5.343,7.074,0.082,0.000,0.000,0.151,0.300,0.000,0.000,0.000,0.000,0.000,0.000,0.000,
0.000,0.415,5.979,0.170,0.046,0.046,6.764,2.227,0.118,0.038,0.065,5.343,7.074,0.082,0.000,0.000,0.151,0.300,0.000,0.000,0.000,0.000,0.000,0.000,0.000,
0.000,0.041,0.100,0.041,0.000,0.000,0.000,0.970,0.789,0.092,0.000,0.264,13.926,2.184,0.159,0.000,0.047,2.594,1.318,0.000,0.000,0.000,0.064,0.041,0.000,
0.000,0.041,0.100,0.041,0.000,0.000,0.000,0.970,0.789,0.092,0.000,0.264,13.926,2.184,0.159,0.000,0.047,2.594,1.318,0.000,0.000,0.000,0.064,0.041,0.000,
0.000,0.000,0.000,0.040,0.000,0.000,0.000,0.177,0.063,0.038,0.000,0.072,13.322,1.778,0.000,0.000,0.165,6.350,1.355,0.062,0.000,0.092,0.529,0.436,0.000,
0.000,0.000,0.000,0.040,0.000,0.000,0.000,0.177,0.063,0.038,0.000,0.072,13.322,1.778,0.000,0.000,0.165,6.350,1.355,0.062,0.000,0.092,0.529,0.436,0.000,
0.061,0.080,0.151,0.099,0.000,0.614,0.490,3.040,2.908,0.053,3.934,0.378,8.394,8.138,0.070,0.000,0.044,0.173,0.160,0.000,0.000,0.000,0.000,0.000,0.044,
0.061,0.080,0.151,0.099,0.000,0.614,0.490,3.040,2.908,0.053,3.934,0.378,8.394,8.138,0.070,0.000,0.044,0.173,0.160,0.000,0.000,0.000,0.000,0.000,0.044,
